condition_id,bearing_id,rotation_rpm,radial_load_kn,total_acquisitions,duration_minutes,initial_rul_minutes,final_rul_minutes
1,Bearing1_1,2100.0,12.0,123,122.0,122.0,0.0
1,Bearing1_2,2100.0,12.0,161,160.0,160.0,0.0
1,Bearing1_3,2100.0,12.0,158,157.0,157.0,0.0
1,Bearing1_4,2100.0,12.0,122,121.0,121.0,0.0
1,Bearing1_5,2100.0,12.0,52,51.0,51.0,0.0
2,Bearing2_1,2250.0,11.0,491,490.0,490.0,0.0
2,Bearing2_2,2250.0,11.0,161,160.0,160.0,0.0
2,Bearing2_3,2250.0,11.0,533,532.0,532.0,0.0
2,Bearing2_4,2250.0,11.0,42,41.0,41.0,0.0
2,Bearing2_5,2250.0,11.0,339,338.0,338.0,0.0
3,Bearing3_1,2400.0,10.0,2538,2537.0,2537.0,0.0
3,Bearing3_2,2400.0,10.0,2496,2495.0,2495.0,0.0
3,Bearing3_3,2400.0,10.0,371,370.0,370.0,0.0
3,Bearing3_4,2400.0,10.0,1515,1514.0,1514.0,0.0
3,Bearing3_5,2400.0,10.0,114,113.0,113.0,0.0
