fold,scenario,model,integrated_brier_score,harrell_c_index,harrell_comparable_pairs,ipcw_c_index,supported_grid_points,grid_lower,grid_upper,valid,bearing_id,condition_id,landmark_count,median_survival_coverage,median_survival_mae,median_survival_rmse,median_survival_signed_error,failure_reason,detector_family
1,full_event,cox_causal_features,0.14967804954316183,0.8714285714285714,27.0,0.8755980861244019,6.0,21.3,102.3,True,Bearing1_1,1,21,1.0,19.404761904761905,25.508588656334855,-16.871428571428567,,rms
1,full_event,cox_causal_features,,,,,,,,False,Bearing2_1,2,6,1.0,26.8,27.230069163824517,26.8,Fewer than two supported survival evaluation times,rms
1,full_event,cox_causal_features,0.1896315970744741,0.9800853485064012,14.0,0.98005698005698,11.0,21.3,183.3,True,Bearing3_1,3,38,1.0,53.652631578947364,65.80567484727487,-52.3421052631579,,rms
1,full_event,cox_context_only,0.2380287617661293,1.0,0.0,1.0,6.0,21.3,102.3,True,Bearing1_1,1,21,1.0,30.642857142857142,37.133767202731626,-21.5,,rms
1,full_event,cox_context_only,,,,,,,,False,Bearing2_1,2,6,1.0,48.399999999999984,49.147499088627754,48.399999999999984,Fewer than two supported survival evaluation times,rms
1,full_event,cox_context_only,0.4410774821726225,1.0,0.0,1.0,11.0,21.3,183.3,True,Bearing3_1,3,38,0.0,,,,,rms
1,full_event,landmark_km_baseline,0.23863536155202825,0.5,210.0,0.5,6.0,21.3,102.3,True,Bearing1_1,1,21,1.0,30.642857142857142,37.133767202731626,-21.5,,rms
1,full_event,landmark_km_baseline,,,,,,,,False,Bearing2_1,2,6,1.0,16.0,18.136059844041835,16.0,Fewer than two supported survival evaluation times,rms
1,full_event,landmark_km_baseline,0.2777229532163743,0.5,703.0,0.5,11.0,21.3,183.3,True,Bearing3_1,3,38,1.0,68.36842105263158,83.5179621398894,-63.0,,rms
1,full_event,random_survival_forest,0.2848614028807454,0.25476190476190474,157.0,0.25598086124401914,6.0,21.3,102.3,True,Bearing1_1,1,21,1.0,40.528571428571425,44.03378032288177,-11.471428571428579,,rms
1,full_event,random_survival_forest,,,,,,,,False,Bearing2_1,2,6,1.0,43.0,50.77949061054735,43.0,Fewer than two supported survival evaluation times,rms
1,full_event,random_survival_forest,0.19513201293123916,0.6778093883357041,228.0,0.6773504273504274,11.0,21.3,183.3,True,Bearing3_1,3,38,1.0,42.636842105263156,58.22753463331317,-37.42105263157895,,rms
2,full_event,cox_causal_features,,,,,,,,False,Bearing1_2,1,28,1.0,27.435714285714294,32.02880678835405,19.235714285714298,Fewer than two supported survival evaluation times,mechanically_informed_spectral_skl
2,full_event,cox_causal_features,,,,,,,,False,Bearing2_2,2,30,1.0,51.88333333333332,63.854762939032206,47.08333333333332,Fewer than two supported survival evaluation times,mechanically_informed_spectral_skl
2,full_event,cox_causal_features,0.3943646876193232,0.36171994974172833,77724.0,0.36083684143385636,25.0,71.60000000000001,2015.0,True,Bearing3_2,3,494,1.0,1096.4254048582993,1299.966032961922,-1093.481680161943,,mechanically_informed_spectral_skl
2,full_event,cox_context_only,,,,,,,,False,Bearing1_2,1,28,1.0,35.1,40.57659423855087,-3.89999999999999,Fewer than two supported survival evaluation times,mechanically_informed_spectral_skl
2,full_event,cox_context_only,,,,,,,,False,Bearing2_2,2,30,1.0,37.79333333333333,43.82381392196104,-6.899999999999989,Fewer than two supported survival evaluation times,mechanically_informed_spectral_skl
2,full_event,cox_context_only,0.36711573889729415,0.0,121771.0,0.0,25.0,71.60000000000001,2015.0,True,Bearing3_2,3,494,1.0,1081.1261639676113,1264.6461789454413,-842.1969129554657,,mechanically_informed_spectral_skl
2,full_event,landmark_km_baseline,,,,,,,,False,Bearing1_2,1,28,1.0,35.1,40.57659423855087,-3.89999999999999,Fewer than two supported survival evaluation times,mechanically_informed_spectral_skl
2,full_event,landmark_km_baseline,,,,,,,,False,Bearing2_2,2,30,1.0,37.79333333333333,43.82381392196104,-6.899999999999989,Fewer than two supported survival evaluation times,mechanically_informed_spectral_skl
2,full_event,landmark_km_baseline,0.4287534519168291,0.5,121771.0,0.5,25.0,71.60000000000001,2015.0,True,Bearing3_2,3,494,1.0,1169.7210526315791,1368.3554582052134,-1167.9,,mechanically_informed_spectral_skl
2,full_event,random_survival_forest,,,,,,,,False,Bearing1_2,1,28,1.0,49.79107142857141,82.41000583970373,25.019642857142873,Fewer than two supported survival evaluation times,mechanically_informed_spectral_skl
2,full_event,random_survival_forest,,,,,,,,False,Bearing2_2,2,30,1.0,191.50083333333342,363.35562518580423,184.7408333333334,Fewer than two supported survival evaluation times,mechanically_informed_spectral_skl
2,full_event,random_survival_forest,0.5233752113939927,0.6796979576418031,39043.0,0.6908576774248416,25.0,71.60000000000001,2015.0,True,Bearing3_2,3,494,1.0,1132.0201417004048,1330.0679854821535,-1130.199089068826,,mechanically_informed_spectral_skl
3,full_event,cox_causal_features,,,,,,,,False,Bearing1_3,1,27,1.0,105.13734567901234,110.4994981065078,105.13734567901234,Fewer than two supported survival evaluation times,rms
3,full_event,cox_causal_features,0.1714248828390839,0.8934894346087949,560.0,0.9038235294117647,5.0,77.0,432.8333333333333,True,Bearing2_3,2,103,1.0,79.79773462783173,97.13900823136193,-66.08576051779937,,rms
3,full_event,cox_causal_features,0.23823139525042944,0.17082494969818912,2061.0,0.16982272360999195,4.0,77.0,343.875,True,Bearing3_3,3,71,1.0,355.5721830985915,441.4410089057212,336.28579812206567,,rms
3,full_event,cox_context_only,,,,,,,,False,Bearing1_3,1,27,1.0,33.81481481481482,39.05978323885921,3.0,Fewer than two supported survival evaluation times,rms
3,full_event,cox_context_only,0.34435504769569014,0.0,5253.0,0.0,5.0,77.0,432.8333333333333,True,Bearing2_3,2,103,1.0,196.6504854368932,238.89118861942146,-187.0,,rms
3,full_event,cox_context_only,0.23447963064387395,0.0,2485.0,0.0,4.0,77.0,343.875,True,Bearing3_3,3,71,1.0,89.56748826291076,103.876938743774,-17.04166666666669,,rms
3,full_event,landmark_km_baseline,,,,,,,,False,Bearing1_3,1,27,1.0,33.81481481481482,39.05978323885921,3.0,Fewer than two supported survival evaluation times,rms
3,full_event,landmark_km_baseline,0.30742898238043864,0.5,5253.0,0.5,5.0,77.0,432.8333333333333,True,Bearing2_3,2,103,1.0,196.6504854368932,238.89118861942146,-187.0,,rms
3,full_event,landmark_km_baseline,0.2503054541239205,0.5,2485.0,0.5,4.0,77.0,343.875,True,Bearing3_3,3,71,1.0,120.3943661971831,147.4313399518569,-106.0,,rms
3,full_event,random_survival_forest,,,,,,,,False,Bearing1_3,1,27,1.0,111.72685185185185,159.07156380063475,111.72685185185185,Fewer than two supported survival evaluation times,rms
3,full_event,random_survival_forest,0.12612008838577932,0.85217970683419,777.0,0.87,5.0,77.0,432.8333333333333,True,Bearing2_3,2,103,1.0,328.04449838187696,581.7509193346494,265.5647249190938,,rms
3,full_event,random_survival_forest,0.43390636615316275,0.2199195171026157,1939.0,0.21978243352135374,4.0,77.0,343.875,True,Bearing3_3,3,71,1.0,1410.631455399061,1518.1842676081037,1384.9917840375588,,rms
4,full_event,cox_causal_features,,,,,,,,False,Bearing1_4,1,7,1.0,309.25,311.54347359156793,309.25,Fewer than two supported survival evaluation times,rms
4,full_event,cox_causal_features,,,,,,,,False,Bearing2_4,2,2,1.0,116.46875,123.63101129217135,116.46875,Fewer than two supported survival evaluation times,rms
4,full_event,cox_causal_features,0.187701458383706,0.6083419868466597,2296.0,0.608876560332871,6.0,82.0,521.6875,True,Bearing3_4,3,108,1.0,142.7372685185185,182.64989682183722,-118.59027777777777,,rms
4,full_event,cox_context_only,,,,,,,,False,Bearing1_4,1,7,1.0,58.0,58.855755878248644,58.0,Fewer than two supported survival evaluation times,rms
4,full_event,cox_context_only,,,,,,,,False,Bearing2_4,2,2,1.0,160.4375,160.45697680764772,160.4375,Fewer than two supported survival evaluation times,rms
4,full_event,cox_context_only,0.4518518518518518,0.5,5778.0,0.5,6.0,82.0,521.6875,True,Bearing3_4,3,108,1.0,204.33333333333334,248.47568626863006,-193.5,,rms
4,full_event,landmark_km_baseline,,,,,,,,False,Bearing1_4,1,7,1.0,58.0,58.855755878248644,58.0,Fewer than two supported survival evaluation times,rms
4,full_event,landmark_km_baseline,,,,,,,,False,Bearing2_4,2,2,1.0,72.5,72.54309064273454,72.5,Fewer than two supported survival evaluation times,rms
4,full_event,landmark_km_baseline,0.2653909465020575,0.5,5778.0,0.5,6.0,82.0,521.6875,True,Bearing3_4,3,108,1.0,204.33333333333334,248.47568626863006,-193.5,,rms
4,full_event,random_survival_forest,,,,,,,,False,Bearing1_4,1,7,1.0,1402.1875,1403.5283231578371,1402.1875,Fewer than two supported survival evaluation times,rms
4,full_event,random_survival_forest,,,,,,,,False,Bearing2_4,2,2,1.0,116.46875,123.63101129217135,116.46875,Fewer than two supported survival evaluation times,rms
4,full_event,random_survival_forest,0.16161296155439633,0.6972135687088958,1756.0,0.698248959778086,6.0,82.0,521.6875,True,Bearing3_4,3,108,1.0,144.9681712962963,207.8790507994606,79.26909722222223,,rms
5,full_event,cox_causal_features,,,,,,,,False,Bearing1_5,1,4,1.0,114.125,130.38126183428352,114.125,Fewer than two supported survival evaluation times,rms
5,full_event,cox_causal_features,0.24699972533630313,0.6225319396051103,325.0,0.6210526315789474,6.0,32.0,193.04166666666669,True,Bearing2_5,2,42,0.9761904761904762,60.704268292682926,86.78113263474131,-13.797764227642274,,rms
5,full_event,cox_causal_features,0.3841698067139458,0.35,124.0,0.34656084656084657,3.0,32.0,96.41666666666667,True,Bearing3_5,3,20,0.65,108.41987179487181,175.24349779749076,98.72756410256412,,rms
5,full_event,cox_context_only,,,,,,,,False,Bearing1_5,1,4,1.0,49.70833333333334,50.02167932784523,49.70833333333334,Fewer than two supported survival evaluation times,rms
5,full_event,cox_context_only,0.23981838665814814,1.0,0.0,1.0,6.0,32.0,193.04166666666669,True,Bearing2_5,2,42,1.0,61.839285714285715,75.06442834510749,-44.29166666666666,,rms
5,full_event,cox_context_only,0.2044385665819319,1.0,0.0,1.0,3.0,32.0,96.41666666666667,True,Bearing3_5,3,20,1.0,25.741666666666674,30.117853001906436,8.708333333333343,,rms
5,full_event,landmark_km_baseline,,,,,,,,False,Bearing1_5,1,4,1.0,49.70833333333334,50.02167932784523,49.70833333333334,Fewer than two supported survival evaluation times,rms
5,full_event,landmark_km_baseline,0.2245784832451499,0.5,861.0,0.5,6.0,32.0,193.04166666666669,True,Bearing2_5,2,42,1.0,61.839285714285715,75.06442834510749,-44.29166666666666,,rms
5,full_event,landmark_km_baseline,0.21669753086419752,0.5,190.0,0.5,3.0,32.0,96.41666666666667,True,Bearing3_5,3,20,1.0,25.741666666666674,30.117853001906436,8.708333333333343,,rms
5,full_event,random_survival_forest,,,,,,,,False,Bearing1_5,1,4,1.0,89.96875,112.88077727616967,89.96875,Fewer than two supported survival evaluation times,rms
5,full_event,random_survival_forest,0.19888791458508276,0.8501742160278746,131.0,0.8514619883040936,6.0,32.0,193.04166666666669,True,Bearing2_5,2,42,1.0,49.68253968253968,59.50683011796066,-45.82539682539682,,rms
5,full_event,random_survival_forest,0.19687309599791672,0.8473684210526315,32.0,0.8465608465608465,3.0,32.0,96.41666666666667,True,Bearing3_5,3,20,1.0,19.689583333333335,26.12468268015688,-12.227083333333331,,rms
1,fixed_horizon_60,cox_causal_features,0.12763496718701603,0.9272727272727272,12.0,0.9290322580645162,22.0,9.583333333333332,57.70833333333333,True,Bearing1_1,1,21,1.0,5.28968253968254,6.394661815565366,-1.8769841269841299,,rms
1,fixed_horizon_60,cox_causal_features,0.2932293786618663,0.5333333333333333,7.0,0.5333333333333333,11.0,9.583333333333332,32.5,True,Bearing2_1,2,6,0.8333333333333334,26.625,30.231485380863,26.625,,rms
1,fixed_horizon_60,cox_causal_features,0.1400098387264503,0.9659090909090909,12.0,0.963076923076923,22.0,9.583333333333332,57.70833333333333,True,Bearing3_1,3,38,1.0,7.421052631578948,8.412328437290244,-4.728070175438597,,rms
1,fixed_horizon_60,cox_context_only,0.22641632026240796,1.0,0.0,1.0,22.0,9.583333333333332,57.70833333333333,True,Bearing1_1,1,21,1.0,19.43650793650794,21.640582589542614,-14.75396825396825,,rms
1,fixed_horizon_60,cox_context_only,0.2479769862934057,1.0,0.0,1.0,11.0,9.583333333333332,32.5,True,Bearing2_1,2,6,1.0,19.02083333333333,19.873667844942737,19.02083333333333,,rms
1,fixed_horizon_60,cox_context_only,0.12008426380520917,1.0,0.0,1.0,22.0,9.583333333333332,57.70833333333333,True,Bearing3_1,3,38,0.0,,,,,rms
1,fixed_horizon_60,landmark_km_baseline,0.24519452842865538,0.5,165.0,0.5,22.0,9.583333333333332,57.70833333333333,True,Bearing1_1,1,21,1.0,24.232142857142858,27.02551979589098,-20.75595238095238,,rms
1,fixed_horizon_60,landmark_km_baseline,0.22237654320987651,0.5,15.0,0.5,11.0,9.583333333333332,32.5,True,Bearing2_1,2,6,1.0,8.041666666666666,9.483263766587253,4.125,,rms
1,fixed_horizon_60,landmark_km_baseline,0.26570380426374574,0.5,352.0,0.5,22.0,9.583333333333332,57.70833333333333,True,Bearing3_1,3,38,1.0,28.69078947368421,30.458165334214005,-26.55921052631579,,rms
1,fixed_horizon_60,random_survival_forest,0.12991010354823407,0.8666666666666667,22.0,0.8838709677419355,22.0,9.583333333333332,57.70833333333333,True,Bearing1_1,1,21,0.47619047619047616,14.191666666666668,17.24379920757346,0.21666666666666606,,rms
1,fixed_horizon_60,random_survival_forest,0.3158527809834901,0.3333333333333333,10.0,0.3333333333333333,11.0,9.583333333333332,32.5,True,Bearing2_1,2,6,0.6666666666666666,23.1875,24.09826886936072,23.1875,,rms
1,fixed_horizon_60,random_survival_forest,0.1357111018518474,0.7769886363636364,79.0,0.7830769230769231,22.0,9.583333333333332,57.70833333333333,True,Bearing3_1,3,38,0.5263157894736842,16.466666666666672,18.371527449652447,-5.562500000000003,,rms
2,fixed_horizon_60,cox_causal_features,0.14823574782408538,0.7644628099173554,57.0,0.7555555555555555,23.0,8.25,57.75,True,Bearing1_2,1,28,0.5714285714285714,14.65625,17.909712797808904,1.90625,,mechanically_informed_spectral_skl
2,fixed_horizon_60,cox_causal_features,0.15556101957035162,0.6515151515151515,92.0,0.6515151515151515,23.0,8.25,57.75,True,Bearing2_2,2,30,0.2,22.083333333333332,24.733159253655135,-1.1666666666666667,,mechanically_informed_spectral_skl
2,fixed_horizon_60,cox_causal_features,0.09464924850393988,0.9357302533532041,345.0,0.9357302533532041,23.0,8.25,57.75,True,Bearing3_2,3,494,0.13157894736842105,11.053846153846154,12.96734063240891,-9.86923076923077,,mechanically_informed_spectral_skl
2,fixed_horizon_60,cox_context_only,0.25306636831870377,0.0,242.0,0.0,23.0,8.25,57.75,True,Bearing1_2,1,28,1.0,24.642857142857142,26.61967585935529,-20.892857142857142,,mechanically_informed_spectral_skl
2,fixed_horizon_60,cox_context_only,0.1854873367584168,0.0,264.0,0.0,23.0,8.25,57.75,True,Bearing2_2,2,30,1.0,13.966666666666667,17.371912195648854,1.0333333333333334,,mechanically_informed_spectral_skl
2,fixed_horizon_60,cox_context_only,0.038690275500312635,0.0,5368.0,0.0,23.0,8.25,57.75,True,Bearing3_2,3,494,0.0,,,,,mechanically_informed_spectral_skl
2,fixed_horizon_60,landmark_km_baseline,0.1751718574635242,0.5,242.0,0.5,23.0,8.25,57.75,True,Bearing1_2,1,28,1.0,13.178571428571429,16.573429682131923,1.6071428571428572,,mechanically_informed_spectral_skl
2,fixed_horizon_60,landmark_km_baseline,0.17660283389450063,0.5,264.0,0.5,23.0,8.25,57.75,True,Bearing2_2,2,30,1.0,13.366666666666667,17.01861725679655,1.6333333333333333,,mechanically_informed_spectral_skl
2,fixed_horizon_60,landmark_km_baseline,0.14612634157590307,0.5,5368.0,0.5,23.0,8.25,57.75,True,Bearing3_2,3,494,1.0,9.251012145748987,9.633359716796544,-8.376518218623481,,mechanically_informed_spectral_skl
2,fixed_horizon_60,random_survival_forest,0.2282858345210442,0.5392561983471075,112.0,0.5044444444444445,23.0,8.25,57.75,True,Bearing1_2,1,28,0.8214285714285714,29.51086956521739,31.38172238740251,-15.358695652173912,,mechanically_informed_spectral_skl
2,fixed_horizon_60,random_survival_forest,0.13374143270507718,0.7708333333333334,61.0,0.7708333333333334,23.0,8.25,57.75,True,Bearing2_2,2,30,0.5333333333333333,22.359375,24.950654425285123,-5.484375,,mechanically_informed_spectral_skl
2,fixed_horizon_60,random_survival_forest,0.2095880856519419,0.7011922503725783,1604.0,0.7011922503725783,23.0,8.25,57.75,True,Bearing3_2,3,494,0.8502024291497976,23.44404761904762,25.935680515643384,-23.320238095238096,,mechanically_informed_spectral_skl
3,fixed_horizon_60,cox_causal_features,0.12331814318760592,0.9956709956709957,1.0,1.0,22.0,9.583333333333332,57.70833333333333,True,Bearing1_3,1,27,0.07407407407407407,39.33333333333333,39.89430480100581,39.33333333333333,,rms
3,fixed_horizon_60,cox_causal_features,0.1686459279597198,0.9850046860356139,16.0,0.9846153846153847,22.0,9.583333333333332,57.70833333333333,True,Bearing2_3,2,103,0.33980582524271846,29.379761904761907,31.70431737286525,-29.34642857142858,,rms
3,fixed_horizon_60,cox_causal_features,0.07305739171756219,0.5062937062937063,353.0,0.5480916030534351,22.0,9.583333333333332,57.70833333333333,True,Bearing3_3,3,71,0.056338028169014086,25.020833333333332,26.096824918624357,25.020833333333332,,rms
3,fixed_horizon_60,cox_context_only,0.21868766770455772,0.0,231.0,0.0,22.0,9.583333333333332,57.70833333333333,True,Bearing1_3,1,27,1.0,20.12654320987654,21.67167558435999,-10.28703703703704,,rms
3,fixed_horizon_60,cox_context_only,0.11064188198393503,0.0,1067.0,0.0,22.0,9.583333333333332,57.70833333333333,True,Bearing2_3,2,103,0.2621359223300971,8.91203703703704,11.183430732221078,-8.91203703703704,,rms
3,fixed_horizon_60,cox_context_only,0.11427738757837043,0.0,715.0,0.0,22.0,9.583333333333332,57.70833333333333,True,Bearing3_3,3,71,0.11267605633802817,1.7187500000000009,2.80670699693906,-1.7187500000000009,,rms
3,fixed_horizon_60,landmark_km_baseline,0.16520086223789932,0.5,231.0,0.5,22.0,9.583333333333332,57.70833333333333,True,Bearing1_3,1,27,1.0,10.592592592592593,19.42316295713083,10.592592592592593,,rms
3,fixed_horizon_60,landmark_km_baseline,0.13068623254168021,0.5,1067.0,0.5,22.0,9.583333333333332,57.70833333333333,True,Bearing2_3,2,103,1.0,2.7766990291262137,9.944506216172583,2.7766990291262137,,rms
3,fixed_horizon_60,landmark_km_baseline,0.13727086800639227,0.5,715.0,0.5,22.0,9.583333333333332,57.70833333333333,True,Bearing3_3,3,71,1.0,4.183098591549296,12.315683348398828,4.183098591549296,,rms
3,fixed_horizon_60,random_survival_forest,0.09195000664620237,0.9523809523809523,11.0,0.9720930232558139,22.0,9.583333333333332,57.70833333333333,True,Bearing1_3,1,27,0.1111111111111111,33.77777777777778,34.07812035657244,33.77777777777778,,rms
3,fixed_horizon_60,random_survival_forest,0.10623567361318816,0.9428303655107779,61.0,0.9374358974358974,22.0,9.583333333333332,57.70833333333333,True,Bearing2_3,2,103,0.36893203883495146,24.945175438596493,27.412562016100384,-23.712719298245617,,rms
3,fixed_horizon_60,random_survival_forest,0.04232470542053476,0.627972027972028,293.0,0.6770992366412214,22.0,9.583333333333332,57.70833333333333,True,Bearing3_3,3,71,0.04225352112676056,18.73611111111111,19.761556042534256,18.73611111111111,,rms
4,fixed_horizon_60,cox_causal_features,0.4648812570970154,0.47619047619047616,11.0,0.47619047619047616,13.0,10.5,37.5,True,Bearing1_4,1,7,0.0,,,,,rms
4,fixed_horizon_60,cox_causal_features,0.46026876362436336,1.0,0.0,1.0,2.0,8.25,10.5,True,Bearing2_4,2,2,0.5,21.5,21.5,21.5,,rms
4,fixed_horizon_60,cox_causal_features,0.03181168498871375,0.9919786096256684,9.0,0.9912195121951219,23.0,8.25,57.75,True,Bearing3_4,3,108,0.12037037037037036,15.057692307692308,18.04068585597139,-12.98076923076923,,rms
4,fixed_horizon_60,cox_context_only,0.3002776731466736,0.0,21.0,0.0,13.0,10.5,37.5,True,Bearing1_4,1,7,1.0,29.25,30.912173977253687,29.25,,rms
4,fixed_horizon_60,cox_context_only,0.4570322834404468,0.0,1.0,0.0,2.0,8.25,10.5,True,Bearing2_4,2,2,1.0,43.75,43.82137035739526,43.75,,rms
4,fixed_horizon_60,cox_context_only,0.48381011354638526,0.0,1122.0,0.0,23.0,8.25,57.75,True,Bearing3_4,3,108,1.0,34.067129629629626,34.85430157043694,-33.270833333333336,,rms
4,fixed_horizon_60,landmark_km_baseline,0.3123956496178718,0.5,21.0,0.5,13.0,10.5,37.5,True,Bearing1_4,1,7,0.0,,,,,rms
4,fixed_horizon_60,landmark_km_baseline,0.45753086419753075,0.5,1.0,0.5,2.0,8.25,10.5,True,Bearing2_4,2,2,0.0,,,,,rms
4,fixed_horizon_60,landmark_km_baseline,0.11083707444818557,0.5,1122.0,0.5,23.0,8.25,57.75,True,Bearing3_4,3,108,0.0,,,,,rms
4,fixed_horizon_60,random_survival_forest,0.5059523809523809,0.5,21.0,0.5,13.0,10.5,37.5,True,Bearing1_4,1,7,0.0,,,,,rms
4,fixed_horizon_60,random_survival_forest,0.1822552811604788,1.0,0.0,1.0,2.0,8.25,10.5,True,Bearing2_4,2,2,0.5,5.75,5.75,5.75,,rms
4,fixed_horizon_60,random_survival_forest,0.02611067177239593,0.9910873440285205,10.0,0.9921951219512195,23.0,8.25,57.75,True,Bearing3_4,3,108,0.12962962962962962,17.553571428571427,20.463054687481467,-16.875,,rms
5,fixed_horizon_60,cox_causal_features,0.3999762892199392,0.6666666666666666,2.0,0.6666666666666666,7.0,7.291666666666666,21.041666666666664,True,Bearing1_5,1,4,0.25,34.666666666666664,34.666666666666664,34.666666666666664,,rms
5,fixed_horizon_60,cox_causal_features,0.3974623899357221,0.7815656565656566,100.0,0.7815656565656566,23.0,7.291666666666666,57.70833333333333,True,Bearing2_5,2,42,0.5952380952380952,36.24166666666667,38.97581604163165,-36.24166666666667,,rms
5,fixed_horizon_60,cox_causal_features,0.4451298954430993,0.2824675324675325,112.0,0.24482758620689654,22.0,9.583333333333332,57.70833333333333,True,Bearing3_5,3,20,0.5,27.81666666666667,30.539307548724082,-26.916666666666668,,rms
5,fixed_horizon_60,cox_context_only,0.29846832351226366,0.0,6.0,0.0,7.0,7.291666666666666,21.041666666666664,True,Bearing1_5,1,4,1.0,18.0,18.848076824970764,18.0,,rms
5,fixed_horizon_60,cox_context_only,0.19862690587040222,0.0,396.0,0.0,23.0,7.291666666666666,57.70833333333333,True,Bearing2_5,2,42,0.5238095238095238,20.000000000000004,20.912350152216007,-20.000000000000004,,rms
5,fixed_horizon_60,cox_context_only,0.25371439246372224,0.0,154.0,0.0,22.0,9.583333333333332,57.70833333333333,True,Bearing3_5,3,20,1.0,21.454166666666662,23.304304859832225,-11.504166666666672,,rms
5,fixed_horizon_60,landmark_km_baseline,0.33440329218106996,0.5,6.0,0.5,7.0,7.291666666666666,21.041666666666664,True,Bearing1_5,1,4,0.0,,,,,rms
5,fixed_horizon_60,landmark_km_baseline,0.15580246913580245,0.5,396.0,0.5,23.0,7.291666666666666,57.70833333333333,True,Bearing2_5,2,42,0.0,,,,,rms
5,fixed_horizon_60,landmark_km_baseline,0.18739271017048792,0.5,154.0,0.5,22.0,9.583333333333332,57.70833333333333,True,Bearing3_5,3,20,0.0,,,,,rms
5,fixed_horizon_60,random_survival_forest,0.31279648375493013,0.8333333333333334,1.0,0.8333333333333334,7.0,7.291666666666666,21.041666666666664,True,Bearing1_5,1,4,0.5,31.020833333333332,33.405819623565925,31.020833333333332,,rms
5,fixed_horizon_60,random_survival_forest,0.20107612794051188,0.9457070707070707,23.0,0.9457070707070707,23.0,7.291666666666666,57.70833333333333,True,Bearing2_5,2,42,0.6428571428571429,23.942901234567913,27.807832120885916,-22.72993827160494,,rms
5,fixed_horizon_60,random_survival_forest,0.2320111515382926,0.8441558441558441,27.0,0.8620689655172413,22.0,9.583333333333332,57.70833333333333,True,Bearing3_5,3,20,1.0,19.68541666666667,24.080033294665984,-18.493750000000006,,rms
1,fixed_horizon_120,cox_causal_features,0.13577521981470458,0.9476190476190476,11.0,0.9476190476190476,21.0,9.791666666666668,105.625,True,Bearing1_1,1,21,1.0,17.015873015873016,22.872388682014915,-14.753968253968253,,rms
1,fixed_horizon_120,cox_causal_features,0.25671116861030563,0.9333333333333333,1.0,0.9333333333333333,6.0,9.791666666666668,33.75,True,Bearing2_1,2,6,1.0,26.625000000000004,27.267939219150012,26.625000000000004,,rms
1,fixed_horizon_120,cox_causal_features,0.19792122317733682,0.9966555183946488,2.0,0.9965694682675815,23.0,9.791666666666668,115.20833333333334,True,Bearing3_1,3,38,1.0,41.450657894736835,46.726209762060414,-41.031798245614034,,rms
1,fixed_horizon_120,cox_context_only,0.21552820409760307,1.0,0.0,1.0,21.0,9.791666666666668,105.625,True,Bearing1_1,1,21,1.0,34.78769841269841,42.65171043203048,-30.04166666666665,,rms
1,fixed_horizon_120,cox_context_only,0.2790157862281496,1.0,0.0,1.0,6.0,9.791666666666668,33.75,True,Bearing2_1,2,6,1.0,31.416666666666675,32.55646803802758,31.416666666666675,,rms
1,fixed_horizon_120,cox_context_only,0.23148958093279293,1.0,0.0,1.0,23.0,9.791666666666668,115.20833333333334,True,Bearing3_1,3,38,0.0,,,,,rms
1,fixed_horizon_120,landmark_km_baseline,0.22387566137566134,0.5,210.0,0.5,21.0,9.791666666666668,105.625,True,Bearing1_1,1,21,1.0,34.78769841269841,42.65171043203048,-30.04166666666665,,rms
1,fixed_horizon_120,landmark_km_baseline,0.23410493827160495,0.5,15.0,0.5,6.0,9.791666666666668,33.75,True,Bearing2_1,2,6,1.0,9.152777777777779,11.337698301585636,7.458333333333336,,rms
1,fixed_horizon_120,landmark_km_baseline,0.31791138726445745,0.5,598.0,0.5,23.0,9.791666666666668,115.20833333333334,True,Bearing3_1,3,38,1.0,59.42543859649123,68.11020146151863,-56.541666666666636,,rms
1,fixed_horizon_120,random_survival_forest,0.210908066602489,0.4976190476190476,106.0,0.4976190476190476,21.0,9.791666666666668,105.625,True,Bearing1_1,1,21,1.0,35.337301587301596,40.20148699834755,-18.861111111111114,,rms
1,fixed_horizon_120,random_survival_forest,0.32136854017948085,0.4,9.0,0.4,6.0,9.791666666666668,33.75,True,Bearing2_1,2,6,1.0,39.486111111111114,48.44397656820444,37.805555555555564,,rms
1,fixed_horizon_120,random_survival_forest,0.2080743927231215,0.6496655518394648,210.0,0.6578044596912521,23.0,9.791666666666668,115.20833333333334,True,Bearing3_1,3,38,1.0,39.44846491228069,49.38963020718948,-29.683114035087723,,rms
2,fixed_horizon_120,cox_causal_features,0.1751895820428749,0.779891304347826,81.0,0.7823691460055097,23.0,10.75,115.25,True,Bearing1_2,1,28,0.9642857142857143,25.5,30.38228650601092,-22.074074074074073,,mechanically_informed_spectral_skl
2,fixed_horizon_120,cox_causal_features,0.14425052457049248,0.8115942028985508,78.0,0.8083538083538083,23.0,10.75,115.25,True,Bearing2_2,2,30,0.7666666666666667,24.032608695652176,28.182778815069504,-11.83695652173913,,mechanically_informed_spectral_skl
2,fixed_horizon_120,cox_causal_features,0.3039491646911268,0.7625834385711708,2632.0,0.7520489872821479,23.0,10.75,115.25,True,Bearing3_2,3,494,1.0,65.9407894736842,66.86128780303414,-65.09767206477733,,mechanically_informed_spectral_skl
2,fixed_horizon_120,cox_context_only,0.2871464293502497,0.0,368.0,0.0,23.0,10.75,115.25,True,Bearing1_2,1,28,1.0,49.32142857142857,59.66652118231798,-45.125,,mechanically_informed_spectral_skl
2,fixed_horizon_120,cox_context_only,0.2315775714507452,0.0,414.0,0.0,23.0,10.75,115.25,True,Bearing2_2,2,30,1.0,40.94166666666667,47.45320062967302,-24.275,,mechanically_informed_spectral_skl
2,fixed_horizon_120,cox_context_only,0.06251789700384187,0.0,11086.0,0.0,23.0,10.75,115.25,True,Bearing3_2,3,494,0.09109311740890688,24.488888888888887,25.823385181308474,-24.488888888888887,,mechanically_informed_spectral_skl
2,fixed_horizon_120,landmark_km_baseline,0.21126443001443002,0.5,368.0,0.5,23.0,10.75,115.25,True,Bearing1_2,1,28,1.0,36.107142857142854,42.040371753147674,-19.678571428571427,,mechanically_informed_spectral_skl
2,fixed_horizon_120,landmark_km_baseline,0.2126893939393939,0.5,414.0,0.5,23.0,10.75,115.25,True,Bearing2_2,2,30,1.0,37.93333333333333,43.798592062607064,-21.266666666666666,,mechanically_informed_spectral_skl
2,fixed_horizon_120,landmark_km_baseline,0.26117322005479915,0.5,11086.0,0.5,23.0,10.75,115.25,True,Bearing3_2,3,494,1.0,64.77125506072875,65.35238488782423,-63.79959514170041,,mechanically_informed_spectral_skl
2,fixed_horizon_120,random_survival_forest,0.16209401139834798,0.8505434782608695,55.0,0.8539944903581267,23.0,10.75,115.25,True,Bearing1_2,1,28,0.8928571428571429,31.71,41.57682647821981,-27.17,,mechanically_informed_spectral_skl
2,fixed_horizon_120,random_survival_forest,0.12166817536461305,0.855072463768116,60.0,0.855036855036855,23.0,10.75,115.25,True,Bearing2_2,2,30,0.7333333333333333,28.397727272727273,33.328044087934,-22.920454545454547,,mechanically_informed_spectral_skl
2,fixed_horizon_120,random_survival_forest,0.12120633649770013,0.9647302904564315,391.0,0.9641073951954781,23.0,10.75,115.25,True,Bearing3_2,3,494,0.520242914979757,32.48929961089494,38.71659159818365,-31.238326848249027,,mechanically_informed_spectral_skl
3,fixed_horizon_120,cox_causal_features,0.146004514026696,0.9449275362318841,19.0,0.9442815249266863,23.0,9.791666666666668,115.20833333333334,True,Bearing1_3,1,27,0.5925925925925926,36.66406250000001,37.2380186151458,36.66406250000001,,rms
3,fixed_horizon_120,cox_causal_features,0.23377824436651806,0.968944099378882,65.0,0.9682066567312468,23.0,9.791666666666668,115.20833333333334,True,Bearing2_3,2,103,0.6213592233009708,41.517578125,54.49734375495274,-41.492838541666664,,rms
3,fixed_horizon_120,cox_causal_features,0.11731624346900521,0.3316138540899042,907.0,0.33766233766233766,23.0,9.791666666666668,115.20833333333334,True,Bearing3_3,3,71,0.07042253521126761,28.208333333333336,37.870920205643564,28.208333333333336,,rms
3,fixed_horizon_120,cox_context_only,0.2737865260729716,0.0,345.0,0.0,23.0,9.791666666666668,115.20833333333334,True,Bearing1_3,1,27,1.0,43.2469135802469,52.440410528318715,-33.222222222222214,,rms
3,fixed_horizon_120,cox_context_only,0.23231919659196312,0.0,2093.0,0.0,23.0,9.791666666666668,115.20833333333334,True,Bearing2_3,2,103,0.6213592233009708,46.56901041666666,51.349980284907765,-46.56901041666666,,rms
3,fixed_horizon_120,cox_context_only,0.226823746906348,0.0,1357.0,0.0,23.0,9.791666666666668,115.20833333333334,True,Bearing3_3,3,71,0.676056338028169,37.834201388888886,41.43360382289132,-37.834201388888886,,rms
3,fixed_horizon_120,landmark_km_baseline,0.20102880658436215,0.5,345.0,0.5,23.0,9.791666666666668,115.20833333333334,True,Bearing1_3,1,27,1.0,33.01851851851852,37.79905446593232,-9.796296296296296,,rms
3,fixed_horizon_120,landmark_km_baseline,0.24896374750743686,0.5,2093.0,0.5,23.0,9.791666666666668,115.20833333333334,True,Bearing2_3,2,103,1.0,51.08252427184466,53.04804105897007,-44.99514563106796,,rms
3,fixed_horizon_120,landmark_km_baseline,0.24204249063403996,0.5,1357.0,0.5,23.0,9.791666666666668,115.20833333333334,True,Bearing3_3,3,71,1.0,48.17605633802817,50.90805713922051,-39.03521126760563,,rms
3,fixed_horizon_120,random_survival_forest,0.14717235441674983,0.7942028985507247,71.0,0.8035190615835777,23.0,9.791666666666668,115.20833333333334,True,Bearing1_3,1,27,0.4444444444444444,27.951388888888896,31.42757878573107,27.87500000000001,,rms
3,fixed_horizon_120,random_survival_forest,0.1881004037569682,0.9426660296225514,120.0,0.9408842523596622,23.0,9.791666666666668,115.20833333333334,True,Bearing2_3,2,103,0.5436893203883495,44.389136904761905,58.20715333747887,-44.1688988095238,,rms
3,fixed_horizon_120,random_survival_forest,0.10752644980631589,0.4690493736182756,833.0,0.47364400305576776,23.0,9.791666666666668,115.20833333333334,True,Bearing3_3,3,71,0.07042253521126761,29.166666666666668,32.14566455993717,29.166666666666668,,rms
4,fixed_horizon_120,cox_causal_features,0.4285627189068585,0.42857142857142855,12.0,0.42857142857142855,6.0,10.75,34.5,True,Bearing1_4,1,7,1.0,91.25,91.79630983868579,91.25,,rms
4,fixed_horizon_120,cox_causal_features,,,,,,,,False,Bearing2_4,2,2,1.0,74.875,80.07125732745803,74.875,Fewer than two supported survival evaluation times,rms
4,fixed_horizon_120,cox_causal_features,0.09626797588054165,0.9291213768115942,167.0,0.95407442298634,23.0,10.75,115.25,True,Bearing3_4,3,108,0.25,15.333333333333334,20.111034376771965,-9.851851851851851,,rms
4,fixed_horizon_120,cox_context_only,0.3079446151246934,0.0,21.0,0.0,6.0,10.75,34.5,True,Bearing1_4,1,7,1.0,29.5,31.148836254345042,29.5,,rms
4,fixed_horizon_120,cox_context_only,,,,,,,,False,Bearing2_4,2,2,1.0,53.5,53.558379363083795,53.5,Fewer than two supported survival evaluation times,rms
4,fixed_horizon_120,cox_context_only,0.6602958503119134,0.0,2208.0,0.0,23.0,10.75,115.25,True,Bearing3_4,3,108,1.0,82.76157407407408,86.83387649115684,-81.67361111111111,,rms
4,fixed_horizon_120,landmark_km_baseline,0.3272310405643738,0.5,21.0,0.5,6.0,10.75,34.5,True,Bearing1_4,1,7,1.0,43.75,44.878307677540604,43.75,,rms
4,fixed_horizon_120,landmark_km_baseline,,,,,,,,False,Bearing2_4,2,2,1.0,58.25,58.30362338654434,58.25,Fewer than two supported survival evaluation times,rms
4,fixed_horizon_120,landmark_km_baseline,0.23247568275346048,0.5,2208.0,0.5,23.0,10.75,115.25,True,Bearing3_4,3,108,1.0,47.27777777777778,48.86434832305693,-40.111111111111114,,rms
4,fixed_horizon_120,random_survival_forest,0.5,0.5,21.0,0.5,6.0,10.75,34.5,True,Bearing1_4,1,7,0.0,,,,,rms
4,fixed_horizon_120,random_survival_forest,,,,,,,,False,Bearing2_4,2,2,0.5,37.0,37.0,37.0,Fewer than two supported survival evaluation times,rms
4,fixed_horizon_120,random_survival_forest,0.02431161593756656,0.8790760869565217,273.0,0.9015544041450777,23.0,10.75,115.25,True,Bearing3_4,3,108,0.16666666666666666,16.11111111111111,19.686254369765496,-7.027777777777778,,rms
5,fixed_horizon_120,cox_causal_features,0.34499824461552464,1.0,0.0,1.0,3.0,9.791666666666668,19.375,True,Bearing1_5,1,4,0.75,42.51388888888889,51.7274340225335,42.51388888888889,,rms
5,fixed_horizon_120,cox_causal_features,0.2319850372516736,0.5579710144927537,305.0,0.563338301043219,23.0,9.791666666666668,115.20833333333334,True,Bearing2_5,2,42,0.6428571428571429,38.31172839506173,43.244196963149335,-8.577160493827156,,rms
5,fixed_horizon_120,cox_causal_features,0.3112185583104021,0.45263157894736844,104.0,0.45263157894736844,20.0,9.791666666666668,100.83333333333334,True,Bearing3_5,3,20,0.7,19.3125,21.066672435389506,-3.997023809523806,,rms
5,fixed_horizon_120,cox_context_only,0.32887524058710327,0.0,6.0,0.0,3.0,9.791666666666668,19.375,True,Bearing1_5,1,4,1.0,19.25,20.045261285401097,19.25,,rms
5,fixed_horizon_120,cox_context_only,0.28956457040864575,0.0,690.0,0.0,23.0,9.791666666666668,115.20833333333334,True,Bearing2_5,2,42,1.0,55.74206349206349,61.94359406669483,-33.632936507936506,,rms
5,fixed_horizon_120,cox_context_only,0.22697962933430685,0.0,190.0,0.0,20.0,9.791666666666668,100.83333333333334,True,Bearing3_5,3,20,1.0,30.472916666666656,36.59837983094334,-19.593749999999993,,rms
5,fixed_horizon_120,landmark_km_baseline,0.36999999999999994,0.5,6.0,0.5,3.0,9.791666666666668,19.375,True,Bearing1_5,1,4,1.0,48.0,48.32442446630896,48.0,,rms
5,fixed_horizon_120,landmark_km_baseline,0.2224490941157608,0.5,690.0,0.5,23.0,9.791666666666668,115.20833333333334,True,Bearing2_5,2,42,1.0,41.76190476190476,45.81809270416676,-25.19047619047619,,rms
5,fixed_horizon_120,landmark_km_baseline,0.20173489278752435,0.5,190.0,0.5,20.0,9.791666666666668,100.83333333333334,True,Bearing3_5,3,20,1.0,25.45,29.669007398293594,7.0,,rms
5,fixed_horizon_120,random_survival_forest,0.32630442232124746,0.8333333333333334,1.0,0.8333333333333334,3.0,9.791666666666668,19.375,True,Bearing1_5,1,4,0.75,45.708333333333336,52.333714834065944,45.708333333333336,,rms
5,fixed_horizon_120,random_survival_forest,0.23936017050258304,0.9181159420289855,57.0,0.9202682563338301,23.0,9.791666666666668,115.20833333333334,True,Bearing2_5,2,42,1.0,42.13095238095238,48.09990756544374,-40.93452380952381,,rms
5,fixed_horizon_120,random_survival_forest,0.2008488415791062,0.8342105263157895,32.0,0.8342105263157895,20.0,9.791666666666668,100.83333333333334,True,Bearing3_5,3,20,1.0,29.172916666666662,34.33802936128785,-27.260416666666664,,rms
1,fixed_horizon_240,cox_causal_features,0.1351335471583152,0.9666666666666667,7.0,0.9666666666666667,11.0,9.6,105.6,True,Bearing1_1,1,21,1.0,17.304761904761904,23.007038260580384,-14.65714285714286,,rms
1,fixed_horizon_240,cox_causal_features,0.22543161032520886,0.9333333333333333,1.0,1.0,3.0,9.6,28.799999999999997,True,Bearing2_1,2,6,1.0,23.3,23.815261213488014,23.3,,rms
1,fixed_horizon_240,cox_causal_features,0.17342695840661262,0.9772403982930299,16.0,0.9772403982930299,20.0,9.6,192.0,True,Bearing3_1,3,38,1.0,55.173684210526325,68.92283251655626,-55.026315789473706,,rms
1,fixed_horizon_240,cox_context_only,0.22244835814673716,1.0,0.0,1.0,11.0,9.6,105.6,True,Bearing1_1,1,21,1.0,34.88571428571428,42.7633799724328,-30.200000000000014,,rms
1,fixed_horizon_240,cox_context_only,0.2661532697026115,1.0,0.0,1.0,3.0,9.6,28.799999999999997,True,Bearing2_1,2,6,1.0,36.1,37.09618129493475,36.1,,rms
1,fixed_horizon_240,cox_context_only,0.3823769343057303,1.0,0.0,1.0,20.0,9.6,192.0,True,Bearing3_1,3,38,0.0,,,,,rms
1,fixed_horizon_240,landmark_km_baseline,0.22242063492063488,0.5,210.0,0.5,11.0,9.6,105.6,True,Bearing1_1,1,21,1.0,34.88571428571428,42.7633799724328,-30.200000000000014,,rms
1,fixed_horizon_240,landmark_km_baseline,0.22993827160493832,0.5,15.0,0.5,3.0,9.6,28.799999999999997,True,Bearing2_1,2,6,1.0,9.1,11.23417405360388,7.299999999999997,,rms
1,fixed_horizon_240,landmark_km_baseline,0.2575044458123867,0.5,703.0,0.5,20.0,9.6,192.0,True,Bearing3_1,3,38,1.0,74.54210526315791,90.26150896146154,-71.69999999999996,,rms
1,fixed_horizon_240,random_survival_forest,0.23798854369397957,0.3,148.0,0.3,11.0,9.6,105.6,True,Bearing1_1,1,21,1.0,36.58095238095238,43.311474340223164,-22.885714285714286,,rms
1,fixed_horizon_240,random_survival_forest,0.2788666334134223,0.6,6.0,0.5714285714285714,3.0,9.6,28.799999999999997,True,Bearing2_1,2,6,1.0,37.9,48.14111202150056,36.099999999999994,,rms
1,fixed_horizon_240,random_survival_forest,0.205013748724104,0.5241820768136558,335.0,0.5241820768136558,20.0,9.6,192.0,True,Bearing3_1,3,38,1.0,61.36315789473686,76.55668006880846,-46.43684210526315,,rms
2,fixed_horizon_240,cox_causal_features,0.15022371823957065,0.843915343915344,59.0,0.8461538461538461,14.0,9.6,134.4,True,Bearing1_2,1,28,1.0,25.571428571428573,31.43614843729156,-21.328571428571433,,mechanically_informed_spectral_skl
2,fixed_horizon_240,cox_causal_features,0.16285875837101213,0.6873563218390805,136.0,0.6889400921658986,15.0,9.6,144.0,True,Bearing2_2,2,30,0.8,33.483333333333334,38.50012986991083,7.666666666666664,,mechanically_informed_spectral_skl
2,fixed_horizon_240,cox_causal_features,0.38793338720413445,0.8841104572204618,2560.0,0.8795470629865534,24.0,9.6,230.39999999999998,True,Bearing3_2,3,494,1.0,167.72550607287448,171.18968620792435,-167.4421052631579,,mechanically_informed_spectral_skl
2,fixed_horizon_240,cox_context_only,0.2646970402111809,0.0,378.0,0.0,14.0,9.6,134.4,True,Bearing1_2,1,28,1.0,50.55714285714286,61.74252991253274,-46.70000000000001,,mechanically_informed_spectral_skl
2,fixed_horizon_240,cox_context_only,0.21676885912753732,0.0,435.0,0.0,15.0,9.6,144.0,True,Bearing2_2,2,30,1.0,46.16666666666665,54.32670307193936,-26.66,,mechanically_informed_spectral_skl
2,fixed_horizon_240,cox_context_only,0.10491216574835228,0.0,22090.0,0.0,24.0,9.6,230.39999999999998,True,Bearing3_2,3,494,0.1194331983805668,122.52203389830508,126.36721308303386,-122.52203389830508,,mechanically_informed_spectral_skl
2,fixed_horizon_240,landmark_km_baseline,0.20230463980463978,0.5,378.0,0.5,14.0,9.6,134.4,True,Bearing1_2,1,28,1.0,37.25714285714286,44.17759613197622,-17.900000000000002,,mechanically_informed_spectral_skl
2,fixed_horizon_240,landmark_km_baseline,0.2026785714285714,0.5,435.0,0.5,15.0,9.6,144.0,True,Bearing2_2,2,30,1.0,40.40666666666665,48.05961575654415,-20.9,,mechanically_informed_spectral_skl
2,fixed_horizon_240,landmark_km_baseline,0.3559780571365241,0.5,22090.0,0.5,24.0,9.6,230.39999999999998,True,Bearing3_2,3,494,1.0,172.31336032388668,175.88819507286982,-171.17327935222676,,mechanically_informed_spectral_skl
2,fixed_horizon_240,random_survival_forest,0.1443527688701425,0.8624338624338624,52.0,0.8647214854111406,14.0,9.6,134.4,True,Bearing1_2,1,28,0.9642857142857143,32.37777777777778,42.7022247663983,-22.525925925925932,,mechanically_informed_spectral_skl
2,fixed_horizon_240,random_survival_forest,0.12305706983879924,0.8275862068965517,75.0,0.8271889400921659,15.0,9.6,144.0,True,Bearing2_2,2,30,0.7333333333333333,25.79090909090909,33.834543940126686,-13.990909090909092,,mechanically_informed_spectral_skl
2,fixed_horizon_240,random_survival_forest,0.35963165382811935,0.9428700769578995,1262.0,0.9408351026185421,24.0,9.6,230.39999999999998,True,Bearing3_2,3,494,1.0,163.19838056680163,168.2016381998624,-162.89473684210526,,mechanically_informed_spectral_skl
3,fixed_horizon_240,cox_causal_features,0.16083836625494963,0.9401709401709402,21.0,0.9401709401709402,14.0,9.6,134.4,True,Bearing1_3,1,27,1.0,73.19999999999999,77.51169087448822,73.19999999999999,,rms
3,fixed_horizon_240,cox_causal_features,0.19471619791296702,0.9824939402100727,65.0,0.9825,24.0,9.6,230.39999999999998,True,Bearing2_3,2,103,0.8252427184466019,65.75999999999999,74.67045088449726,-65.74117647058823,,rms
3,fixed_horizon_240,cox_causal_features,0.1691180802381778,0.19692168401991852,1774.0,0.20046296296296295,24.0,9.6,230.39999999999998,True,Bearing3_3,3,71,0.16901408450704225,26.900000000000002,33.92688216346049,-6.700000000000006,,rms
3,fixed_horizon_240,cox_context_only,0.25201756763941713,0.0,351.0,0.0,14.0,9.6,134.4,True,Bearing1_3,1,27,1.0,44.42962962962962,53.594278301574946,-30.977777777777774,,rms
3,fixed_horizon_240,cox_context_only,0.3693712697365229,0.0,3713.0,0.0,24.0,9.6,230.39999999999998,True,Bearing2_3,2,103,0.7378640776699029,137.18947368421058,146.48758884018307,-127.5736842105263,,rms
3,fixed_horizon_240,cox_context_only,0.32531269200623464,0.0,2209.0,0.0,24.0,9.6,230.39999999999998,True,Bearing3_3,3,71,0.8591549295774648,116.07213114754099,128.84591890965012,-73.08852459016396,,rms
3,fixed_horizon_240,landmark_km_baseline,0.1886483064260842,0.5,351.0,0.5,14.0,9.6,134.4,True,Bearing1_3,1,27,1.0,34.088888888888896,39.53361438910774,-6.800000000000011,,rms
3,fixed_horizon_240,landmark_km_baseline,0.325684015237976,0.5,3713.0,0.5,24.0,9.6,230.39999999999998,True,Bearing2_3,2,103,1.0,127.02135922330102,140.7326295132324,-119.86796116504847,,rms
3,fixed_horizon_240,landmark_km_baseline,0.2834127902141783,0.5,2209.0,0.5,24.0,9.6,230.39999999999998,True,Bearing3_3,3,71,1.0,106.06478873239433,123.28697999634718,-95.34929577464789,,rms
3,fixed_horizon_240,random_survival_forest,0.1830631683150285,0.7407407407407407,91.0,0.7407407407407407,14.0,9.6,134.4,True,Bearing1_3,1,27,0.7407407407407407,40.79999999999999,49.96979087408711,31.75999999999999,,rms
3,fixed_horizon_240,random_survival_forest,0.22476297618980887,0.9504443845946674,184.0,0.9572222222222222,24.0,9.6,230.39999999999998,True,Bearing2_3,2,103,0.7766990291262136,97.36000000000001,105.41368032660657,-96.73000000000002,,rms
3,fixed_horizon_240,random_survival_forest,0.26553093551670975,0.2750113173381621,1702.0,0.27337962962962964,24.0,9.6,230.39999999999998,True,Bearing3_3,3,71,0.16901408450704225,78.10000000000001,87.13939025109903,-40.30000000000001,,rms
4,fixed_horizon_240,cox_causal_features,0.42188504303773694,0.38095238095238093,13.0,0.38095238095238093,4.0,9.6,38.4,True,Bearing1_4,1,7,1.0,100.79999999999997,101.29481724155485,100.79999999999997,,rms
4,fixed_horizon_240,cox_causal_features,,,,,,,,False,Bearing2_4,2,2,1.0,67.3,76.2764708150554,67.3,Fewer than two supported survival evaluation times,rms
4,fixed_horizon_240,cox_causal_features,0.16577142968600767,0.7582320162107397,965.0,0.7588235294117647,24.0,9.6,230.39999999999998,True,Bearing3_4,3,108,1.0,82.36111111111111,94.57323832568818,-80.46111111111111,,rms
4,fixed_horizon_240,cox_context_only,0.2786526195822693,0.0,21.0,0.0,4.0,9.6,38.4,True,Bearing1_4,1,7,1.0,33.6,35.056525783368784,33.6,,rms
4,fixed_horizon_240,cox_context_only,,,,,,,,False,Bearing2_4,2,2,1.0,57.69999999999999,57.754134051165536,57.69999999999999,Fewer than two supported survival evaluation times,rms
4,fixed_horizon_240,cox_context_only,0.6710828824898958,0.0,3948.0,0.0,24.0,9.6,230.39999999999998,True,Bearing3_4,3,108,1.0,161.28333333333333,176.2309333001782,-160.28333333333336,,rms
4,fixed_horizon_240,landmark_km_baseline,0.3032921810699588,0.5,21.0,0.5,4.0,9.6,38.4,True,Bearing1_4,1,7,1.0,43.19999999999999,44.342304856649015,43.19999999999999,,rms
4,fixed_horizon_240,landmark_km_baseline,,,,,,,,False,Bearing2_4,2,2,1.0,57.69999999999999,57.754134051165536,57.69999999999999,Fewer than two supported survival evaluation times,rms
4,fixed_horizon_240,landmark_km_baseline,0.31764358561460004,0.5,3948.0,0.5,24.0,9.6,230.39999999999998,True,Bearing3_4,3,108,1.0,128.92777777777778,142.204577464482,-121.88333333333328,,rms
4,fixed_horizon_240,random_survival_forest,0.497856176031924,0.6666666666666666,8.0,0.6666666666666666,4.0,9.6,38.4,True,Bearing1_4,1,7,0.0,,,,,rms
4,fixed_horizon_240,random_survival_forest,,,,,,,,False,Bearing2_4,2,2,0.5,21.799999999999997,21.799999999999997,21.799999999999997,Fewer than two supported survival evaluation times,rms
4,fixed_horizon_240,random_survival_forest,0.07312144664737391,0.7588652482269503,952.0,0.7641830065359477,24.0,9.6,230.39999999999998,True,Bearing3_4,3,108,0.16666666666666666,21.300000000000004,24.48659497221558,-15.299999999999999,,rms
5,fixed_horizon_240,cox_causal_features,0.28016791934187235,1.0,0.0,1.0,2.0,9.6,19.2,True,Bearing1_5,1,4,1.0,59.89999999999999,79.34872399730193,59.89999999999999,,rms
5,fixed_horizon_240,cox_causal_features,0.2817901931321508,0.8304297328687572,149.0,0.8302325581395349,21.0,9.6,201.6,True,Bearing2_5,2,42,1.0,71.41428571428571,82.06785229888973,-69.87142857142857,,rms
5,fixed_horizon_240,cox_causal_features,0.4790142311079453,0.41578947368421054,111.0,0.4126984126984127,10.0,9.6,95.99999999999999,True,Bearing3_5,3,20,0.75,39.386666666666656,42.89285876848654,-37.22666666666667,,rms
5,fixed_horizon_240,cox_context_only,0.31915237918501016,0.0,6.0,0.0,2.0,9.6,19.2,True,Bearing1_5,1,4,1.0,23.9,24.545060602899312,23.9,,rms
5,fixed_horizon_240,cox_context_only,0.2436644613360587,0.0,861.0,0.0,21.0,9.6,201.6,True,Bearing2_5,2,42,1.0,73.29047619047618,88.77400413141117,-57.071428571428584,,rms
5,fixed_horizon_240,cox_context_only,0.2136371889844763,0.0,190.0,0.0,10.0,9.6,95.99999999999999,True,Bearing3_5,3,20,1.0,27.879999999999995,33.52103817008059,-17.1,,rms
5,fixed_horizon_240,landmark_km_baseline,0.3555555555555556,0.5,6.0,0.5,2.0,9.6,19.2,True,Bearing1_5,1,4,1.0,52.69999999999999,52.99566019968049,52.69999999999999,,rms
5,fixed_horizon_240,landmark_km_baseline,0.20809082892416228,0.5,861.0,0.5,21.0,9.6,201.6,True,Bearing2_5,2,42,1.0,60.61428571428572,73.33898463073147,-41.30000000000001,,rms
5,fixed_horizon_240,landmark_km_baseline,0.20362825788751715,0.5,190.0,0.5,10.0,9.6,95.99999999999999,True,Bearing3_5,3,20,1.0,26.339999999999996,31.11494817607768,11.699999999999989,,rms
5,fixed_horizon_240,random_survival_forest,0.3264887183602355,1.0,0.0,1.0,2.0,9.6,19.2,True,Bearing1_5,1,4,1.0,71.9,84.75411494434945,71.9,,rms
5,fixed_horizon_240,random_survival_forest,0.203980996805423,0.9099883855981417,78.0,0.9098837209302325,21.0,9.6,201.6,True,Bearing2_5,2,42,1.0,63.499999999999986,73.5120657411,-62.328571428571436,,rms
5,fixed_horizon_240,random_survival_forest,0.2099808836536515,0.8578947368421053,27.0,0.8571428571428571,10.0,9.6,95.99999999999999,True,Bearing3_5,3,20,1.0,28.080000000000005,33.259404684990976,-26.21999999999999,,rms
1,fixed_horizon_30,cox_causal_features,0.11882438509635418,0.7888888888888889,19.0,0.7702702702702703,20.0,9.166666666666668,28.958333333333336,True,Bearing1_1,1,21,0.0,,,,,rms
1,fixed_horizon_30,cox_causal_features,0.18806288034469507,0.6666666666666666,5.0,0.6428571428571429,20.0,9.166666666666668,28.958333333333336,True,Bearing2_1,2,6,1.0,6.75,7.672212667948031,4.305555555555558,,rms
1,fixed_horizon_30,cox_causal_features,0.08779906197036351,0.9942857142857143,1.0,0.9942857142857143,21.0,8.125,28.958333333333336,True,Bearing3_1,3,38,0.10526315789473684,8.770833333333336,9.746482627651432,8.770833333333336,,rms
1,fixed_horizon_30,cox_context_only,0.17304991164521205,0.0,90.0,0.0,20.0,9.166666666666668,28.958333333333336,True,Bearing1_1,1,21,0.8095238095238095,4.291666666666664,4.807369835841848,-4.291666666666664,,rms
1,fixed_horizon_30,cox_context_only,0.22373624396086028,0.0,15.0,0.0,20.0,9.166666666666668,28.958333333333336,True,Bearing2_1,2,6,1.0,7.4444444444444455,9.13631338244383,5.000000000000003,,rms
1,fixed_horizon_30,cox_context_only,0.08267318031732909,0.0,175.0,0.0,21.0,8.125,28.958333333333336,True,Bearing3_1,3,38,0.0,,,,,rms
1,fixed_horizon_30,landmark_km_baseline,0.16196741854636593,0.5,90.0,0.5,20.0,9.166666666666668,28.958333333333336,True,Bearing1_1,1,21,1.0,5.103174603174603,6.020797289396147,-1.5476190476190446,,rms
1,fixed_horizon_30,landmark_km_baseline,0.22027290448343084,0.5,15.0,0.5,20.0,9.166666666666668,28.958333333333336,True,Bearing2_1,2,6,1.0,7.4444444444444455,9.13631338244383,5.000000000000003,,rms
1,fixed_horizon_30,landmark_km_baseline,0.14693185510071474,0.5,175.0,0.5,21.0,8.125,28.958333333333336,True,Bearing3_1,3,38,1.0,4.763157894736841,5.4524794510151695,-2.5877192982456108,,rms
1,fixed_horizon_30,random_survival_forest,0.08888589839727605,0.8,18.0,0.8918918918918919,20.0,9.166666666666668,28.958333333333336,True,Bearing1_1,1,21,0.0,,,,,rms
1,fixed_horizon_30,random_survival_forest,0.22068769177132364,0.4666666666666667,8.0,0.5,20.0,9.166666666666668,28.958333333333336,True,Bearing2_1,2,6,0.6666666666666666,7.208333333333334,7.940971463100582,5.125000000000002,,rms
1,fixed_horizon_30,random_survival_forest,0.04899909623534117,0.9885714285714285,2.0,0.9885714285714285,21.0,8.125,28.958333333333336,True,Bearing3_1,3,38,0.07894736842105263,13.180555555555557,13.68073885946007,13.180555555555557,,rms
2,fixed_horizon_30,cox_causal_features,0.12333263311967795,0.408,74.0,0.408,21.0,9.0,29.0,True,Bearing1_2,1,28,0.10714285714285714,4.333333333333333,4.725815626252608,-4.333333333333333,,mechanically_informed_spectral_skl
2,fixed_horizon_30,cox_causal_features,0.11917236470258347,0.1259259259259259,118.0,0.1259259259259259,23.0,7.0,29.0,True,Bearing2_2,2,30,0.03333333333333333,9.0,9.0,-9.0,,mechanically_informed_spectral_skl
2,fixed_horizon_30,cox_causal_features,0.07307846159892305,0.9832993890020366,41.0,0.9832993890020366,22.0,8.0,29.0,True,Bearing3_2,3,494,0.09109311740890688,9.133333333333333,10.418999738725189,-8.511111111111111,,mechanically_informed_spectral_skl
2,fixed_horizon_30,cox_context_only,0.15305739641842767,0.0,125.0,0.0,21.0,9.0,29.0,True,Bearing1_2,1,28,0.07142857142857142,3.0,3.0,-3.0,,mechanically_informed_spectral_skl
2,fixed_horizon_30,cox_context_only,0.12948556629951102,0.0,135.0,0.0,23.0,7.0,29.0,True,Bearing2_2,2,30,0.0,,,,,mechanically_informed_spectral_skl
2,fixed_horizon_30,cox_context_only,0.017479537978271075,0.0,2455.0,0.0,22.0,8.0,29.0,True,Bearing3_2,3,494,0.0,,,,,mechanically_informed_spectral_skl
2,fixed_horizon_30,landmark_km_baseline,0.11467978395061733,0.5,125.0,0.5,21.0,9.0,29.0,True,Bearing1_2,1,28,0.0,,,,,mechanically_informed_spectral_skl
2,fixed_horizon_30,landmark_km_baseline,0.11091119528619536,0.5,135.0,0.5,23.0,7.0,29.0,True,Bearing2_2,2,30,0.0,,,,,mechanically_informed_spectral_skl
2,fixed_horizon_30,landmark_km_baseline,0.07230780238821179,0.5,2455.0,0.5,22.0,8.0,29.0,True,Bearing3_2,3,494,0.0,,,,,mechanically_informed_spectral_skl
2,fixed_horizon_30,random_survival_forest,0.11933683889804073,0.888,14.0,0.888,21.0,9.0,29.0,True,Bearing1_2,1,28,0.42857142857142855,6.083333333333333,7.708220719898118,-0.25,,mechanically_informed_spectral_skl
2,fixed_horizon_30,random_survival_forest,0.08131358699162215,0.6962962962962963,41.0,0.6962962962962963,23.0,7.0,29.0,True,Bearing2_2,2,30,0.1,9.0,12.36931687685298,5.0,,mechanically_informed_spectral_skl
2,fixed_horizon_30,random_survival_forest,0.03645589685835394,0.8114052953156823,463.0,0.8114052953156823,22.0,8.0,29.0,True,Bearing3_2,3,494,0.03643724696356275,4.222222222222222,5.217491947499509,-2.5555555555555554,,mechanically_informed_spectral_skl
3,fixed_horizon_30,cox_causal_features,0.08098665356053301,1.0,0.0,1.0,20.0,9.166666666666668,28.958333333333336,True,Bearing1_3,1,27,0.0,,,,,rms
3,fixed_horizon_30,cox_causal_features,0.039900836310014454,0.996,2.0,1.0,20.0,9.166666666666668,28.958333333333336,True,Bearing2_3,2,103,0.019417475728155338,16.416666666666668,16.60593100203793,16.416666666666668,,rms
3,fixed_horizon_30,cox_causal_features,0.03857749129759173,0.9911764705882353,3.0,0.9911764705882353,21.0,8.125,28.958333333333336,True,Bearing3_3,3,71,0.0,,,,,rms
3,fixed_horizon_30,cox_context_only,0.10207579688217133,0.0,120.0,0.0,20.0,9.166666666666668,28.958333333333336,True,Bearing1_3,1,27,0.0,,,,,rms
3,fixed_horizon_30,cox_context_only,0.040089916225784505,0.0,500.0,0.0,20.0,9.166666666666668,28.958333333333336,True,Bearing2_3,2,103,0.0,,,,,rms
3,fixed_horizon_30,cox_context_only,0.04788337195603999,0.0,340.0,0.0,21.0,8.125,28.958333333333336,True,Bearing3_3,3,71,0.0,,,,,rms
3,fixed_horizon_30,landmark_km_baseline,0.0889495343296513,0.5,120.0,0.5,20.0,9.166666666666668,28.958333333333336,True,Bearing1_3,1,27,0.0,,,,,rms
3,fixed_horizon_30,landmark_km_baseline,0.047413715879054026,0.5,500.0,0.5,20.0,9.166666666666668,28.958333333333336,True,Bearing2_3,2,103,0.0,,,,,rms
3,fixed_horizon_30,landmark_km_baseline,0.05371552773430711,0.5,340.0,0.5,21.0,8.125,28.958333333333336,True,Bearing3_3,3,71,0.0,,,,,rms
3,fixed_horizon_30,random_survival_forest,0.05323792412051318,0.9833333333333333,2.0,1.0,20.0,9.166666666666668,28.958333333333336,True,Bearing1_3,1,27,0.037037037037037035,18.916666666666668,18.916666666666668,18.916666666666668,,rms
3,fixed_horizon_30,random_survival_forest,0.056426733413482665,0.904,48.0,0.8955223880597015,20.0,9.166666666666668,28.958333333333336,True,Bearing2_3,2,103,0.17475728155339806,8.643518518518519,10.31865930914824,-5.046296296296295,,rms
3,fixed_horizon_30,random_survival_forest,0.014014143240018982,0.9941176470588236,2.0,0.9941176470588236,21.0,8.125,28.958333333333336,True,Bearing3_3,3,71,0.04225352112676056,11.097222222222223,12.076554611986662,11.097222222222223,,rms
4,fixed_horizon_30,cox_causal_features,0.35688986485035723,0.5,10.0,0.4444444444444444,20.0,10.0,29.0,True,Bearing1_4,1,7,0.0,,,,,rms
4,fixed_horizon_30,cox_causal_features,0.20645645916255903,1.0,0.0,1.0,4.0,8.0,11.0,True,Bearing2_4,2,2,0.5,4.0,4.0,4.0,,rms
4,fixed_horizon_30,cox_causal_features,0.05591660511923412,0.9857142857142858,8.0,0.9857142857142858,21.0,9.0,29.0,True,Bearing3_4,3,108,0.10185185185185185,14.181818181818182,16.1245154965971,-14.181818181818182,,rms
4,fixed_horizon_30,cox_context_only,0.2824491648304573,0.0,20.0,0.0,20.0,10.0,29.0,True,Bearing1_4,1,7,0.0,,,,,rms
4,fixed_horizon_30,cox_context_only,0.45416126027184117,0.0,1.0,0.0,4.0,8.0,11.0,True,Bearing2_4,2,2,0.0,,,,,rms
4,fixed_horizon_30,cox_context_only,0.22778111856897842,0.0,525.0,0.0,21.0,9.0,29.0,True,Bearing3_4,3,108,1.0,7.953703703703703,8.18139261893629,-7.175925925925926,,rms
4,fixed_horizon_30,landmark_km_baseline,0.27477768495312355,0.5,20.0,0.5,20.0,10.0,29.0,True,Bearing1_4,1,7,0.0,,,,,rms
4,fixed_horizon_30,landmark_km_baseline,0.45423868312757193,0.5,1.0,0.5,4.0,8.0,11.0,True,Bearing2_4,2,2,0.0,,,,,rms
4,fixed_horizon_30,landmark_km_baseline,0.04367283950617287,0.5,525.0,0.5,21.0,9.0,29.0,True,Bearing3_4,3,108,0.0,,,,,rms
4,fixed_horizon_30,random_survival_forest,0.3834586466165413,0.5,20.0,0.5,20.0,10.0,29.0,True,Bearing1_4,1,7,0.0,,,,,rms
4,fixed_horizon_30,random_survival_forest,0.19581916246445133,1.0,0.0,1.0,4.0,8.0,11.0,True,Bearing2_4,2,2,0.5,5.0,5.0,5.0,,rms
4,fixed_horizon_30,random_survival_forest,0.024353142698732844,0.9895238095238095,9.0,0.9895238095238095,21.0,9.0,29.0,True,Bearing3_4,3,108,0.10185185185185185,8.363636363636363,9.515537533185109,-7.636363636363637,,rms
5,fixed_horizon_30,cox_causal_features,0.28306259483005725,1.0,0.0,1.0,15.0,7.083333333333334,21.666666666666668,True,Bearing1_5,1,4,0.25,13.625,13.625,13.625,,rms
5,fixed_horizon_30,cox_causal_features,0.3217857362934377,0.9205128205128205,16.0,0.9205128205128205,23.0,6.041666666666667,28.958333333333336,True,Bearing2_5,2,42,0.5476190476190477,15.570652173913043,17.59464786388481,-15.570652173913043,,rms
5,fixed_horizon_30,cox_causal_features,0.24367916598463651,0.5764705882352941,36.0,0.5764705882352941,21.0,8.125,28.958333333333336,True,Bearing3_5,3,20,0.75,9.166666666666666,11.022945344783038,-7.133333333333332,,rms
5,fixed_horizon_30,cox_context_only,0.3462683836797843,0.0,6.0,0.0,15.0,7.083333333333334,21.666666666666668,True,Bearing1_5,1,4,0.0,,,,,rms
5,fixed_horizon_30,cox_context_only,0.09464700350214751,0.0,195.0,0.0,23.0,6.041666666666667,28.958333333333336,True,Bearing2_5,2,42,0.09523809523809523,2.604166666666666,2.6557393299962415,-2.604166666666666,,rms
5,fixed_horizon_30,cox_context_only,0.21991747570426434,0.0,85.0,0.0,21.0,8.125,28.958333333333336,True,Bearing3_5,3,20,0.8,6.971354166666666,8.12319023648071,-6.971354166666666,,rms
5,fixed_horizon_30,landmark_km_baseline,0.35889770723104053,0.5,6.0,0.5,15.0,7.083333333333334,21.666666666666668,True,Bearing1_5,1,4,0.0,,,,,rms
5,fixed_horizon_30,landmark_km_baseline,0.07642135642135645,0.5,195.0,0.5,23.0,6.041666666666667,28.958333333333336,True,Bearing2_5,2,42,0.0,,,,,rms
5,fixed_horizon_30,landmark_km_baseline,0.11408024691358022,0.5,85.0,0.5,21.0,8.125,28.958333333333336,True,Bearing3_5,3,20,0.0,,,,,rms
5,fixed_horizon_30,random_survival_forest,0.3352756680619828,0.8333333333333334,1.0,0.8333333333333334,15.0,7.083333333333334,21.666666666666668,True,Bearing1_5,1,4,0.25,18.833333333333336,18.833333333333336,18.833333333333336,,rms
5,fixed_horizon_30,random_survival_forest,0.11937321023363812,0.9615384615384616,15.0,0.9615384615384616,23.0,6.041666666666667,28.958333333333336,True,Bearing2_5,2,42,0.5,8.698412698412698,10.011897684160342,-7.380952380952382,,rms
5,fixed_horizon_30,random_survival_forest,0.20930944474969743,0.9411764705882353,8.0,0.9411764705882353,21.0,8.125,28.958333333333336,True,Bearing3_5,3,20,0.8,9.588541666666666,10.426922035049461,-8.359374999999998,,rms
1,target_censoring_25,cox_causal_features,0.14951782235668248,0.8952380952380953,22.0,0.8995215311004785,10.0,17.0,100.21250000000002,True,Bearing1_1,1,21,1.0,19.27261904761904,25.346855172380447,-17.34444444444444,,rms
1,target_censoring_25,cox_causal_features,0.2568483559408164,0.8,3.0,0.8571428571428571,2.0,17.0,26.245833333333337,True,Bearing2_1,2,6,1.0,26.319444444444454,26.80184876500542,26.319444444444454,,rms
1,target_censoring_25,cox_causal_features,0.18237794041819277,0.9715504978662873,20.0,0.9715504978662873,20.0,17.0,192.67083333333338,True,Bearing3_1,3,38,1.0,57.17664473684209,71.32902835132825,-56.492434210526305,,rms
1,target_censoring_25,cox_context_only,0.24057286454772275,1.0,0.0,1.0,10.0,17.0,100.21250000000002,True,Bearing1_1,1,21,1.0,35.14603174603175,42.382941324048964,-31.43333333333332,,rms
1,target_censoring_25,cox_context_only,0.2796008748760521,1.0,0.0,1.0,2.0,17.0,26.245833333333337,True,Bearing2_1,2,6,1.0,32.48333333333334,33.58695596673077,32.48333333333334,,rms
1,target_censoring_25,cox_context_only,0.42381918640742333,1.0,0.0,1.0,20.0,17.0,192.67083333333338,True,Bearing3_1,3,38,0.0,,,,,rms
1,target_censoring_25,landmark_km_baseline,0.2417634234763864,0.5,210.0,0.5,10.0,17.0,100.21250000000002,True,Bearing1_1,1,21,1.0,36.466865079365085,44.60383504469593,-32.75416666666665,,rms
1,target_censoring_25,landmark_km_baseline,0.2361111111111111,0.5,15.0,0.5,2.0,17.0,26.245833333333337,True,Bearing2_1,2,6,1.0,8.248611111111112,9.769319356764036,4.745833333333337,,rms
1,target_censoring_25,landmark_km_baseline,0.2630050699360487,0.5,703.0,0.5,20.0,17.0,192.67083333333338,True,Bearing3_1,3,38,1.0,76.51644736842105,92.30347375565619,-74.25416666666665,,rms
1,target_censoring_25,random_survival_forest,0.2497638678693246,0.3357142857142857,141.0,0.3373205741626794,10.0,17.0,100.21250000000002,True,Bearing1_1,1,21,1.0,34.32162698412697,39.62241440623766,-19.545833333333327,,rms
1,target_censoring_25,random_survival_forest,0.28986164775557277,0.4666666666666667,8.0,0.42857142857142855,2.0,17.0,26.245833333333337,True,Bearing2_1,2,6,1.0,38.024305555555564,47.21268511740644,37.10625000000001,,rms
1,target_censoring_25,random_survival_forest,0.21667998902781122,0.4871977240398293,361.0,0.4871977240398293,20.0,17.0,192.67083333333338,True,Bearing3_1,3,38,1.0,60.85899122807017,77.57845263964724,-47.97653508771928,,rms
2,target_censoring_25,cox_causal_features,0.19698892589610847,0.7671957671957672,88.0,0.7631578947368421,2.0,52.900000000000006,99.16666666666669,True,Bearing1_2,1,28,1.0,26.980952380952374,31.33046339440157,0.5333333333333427,,mechanically_informed_spectral_skl
2,target_censoring_25,cox_causal_features,0.13305658487028849,0.7885057471264367,92.0,0.7903225806451613,3.0,52.900000000000006,145.43333333333334,True,Bearing2_2,2,30,1.0,58.2377777777778,82.40053352937664,43.80000000000003,,mechanically_informed_spectral_skl
2,target_censoring_25,cox_causal_features,0.4330602420889538,0.2656826568265683,71242.0,0.2820164421100708,25.0,52.900000000000006,1163.3000000000002,True,Bearing3_2,3,494,1.0,827.3055330634277,953.5349563010205,-820.762213225371,,mechanically_informed_spectral_skl
2,target_censoring_25,cox_context_only,0.2926707334633509,0.0,378.0,0.0,2.0,52.900000000000006,99.16666666666669,True,Bearing1_2,1,28,1.0,38.607142857142854,46.28185389545237,-22.599999999999998,,mechanically_informed_spectral_skl
2,target_censoring_25,cox_context_only,0.21797820185003253,0.0,435.0,0.0,3.0,52.900000000000006,145.43333333333334,True,Bearing2_2,2,30,1.0,41.86666666666668,50.281971586908426,-25.6,,mechanically_informed_spectral_skl
2,target_censoring_25,cox_context_only,0.38283408896179855,0.0,97018.0,0.0,25.0,52.900000000000006,1163.3000000000002,True,Bearing3_2,3,494,1.0,839.2120107962212,916.8393967820525,-619.5865047233468,,mechanically_informed_spectral_skl
2,target_censoring_25,landmark_km_baseline,0.24018959435626103,0.5,378.0,0.5,2.0,52.900000000000006,99.16666666666669,True,Bearing1_2,1,28,1.0,38.607142857142854,46.28185389545237,-22.599999999999998,,mechanically_informed_spectral_skl
2,target_censoring_25,landmark_km_baseline,0.2144675925925926,0.5,435.0,0.5,3.0,52.900000000000006,145.43333333333334,True,Bearing2_2,2,30,1.0,41.86666666666668,50.281971586908426,-25.6,,mechanically_informed_spectral_skl
2,target_censoring_25,landmark_km_baseline,0.500458888868063,0.5,97018.0,0.5,25.0,52.900000000000006,1163.3000000000002,True,Bearing3_2,3,494,1.0,934.7538461538462,1033.8078018343656,-933.8064777327936,,mechanically_informed_spectral_skl
2,target_censoring_25,random_survival_forest,0.18067663143666787,0.8465608465608465,58.0,0.8596491228070176,2.0,52.900000000000006,99.16666666666669,True,Bearing1_2,1,28,1.0,53.495238095238115,130.1345671048072,13.752380952380959,,mechanically_informed_spectral_skl
2,target_censoring_25,random_survival_forest,0.11849247786551924,0.864367816091954,59.0,0.8640552995391705,3.0,52.900000000000006,145.43333333333334,True,Bearing2_2,2,30,0.9666666666666667,207.56206896551726,395.2797752579424,190.683908045977,,mechanically_informed_spectral_skl
2,target_censoring_25,random_survival_forest,0.6443619476605734,0.7860912408006762,20753.0,0.8175953414021466,25.0,52.900000000000006,1163.3000000000002,True,Bearing3_2,3,494,1.0,887.8315789473685,984.2100279619186,-886.8842105263159,,mechanically_informed_spectral_skl
3,target_censoring_25,cox_causal_features,0.14962475163155736,0.9487179487179487,18.0,0.9507246376811594,2.0,57.0,119.97916666666669,True,Bearing1_3,1,27,1.0,64.63966049382718,67.26737022196737,64.63966049382718,,rms
3,target_censoring_25,cox_causal_features,0.1606832647852743,0.8657909765848086,710.0,0.8670608430288003,8.0,57.0,497.8541666666668,True,Bearing2_3,2,103,1.0,77.69437702265371,127.22538046885002,-16.839603559870493,,rms
3,target_censoring_25,cox_causal_features,0.23446698409707853,0.20140845070422536,1985.0,0.20307377049180328,5.0,57.0,308.91666666666674,True,Bearing3_3,3,71,1.0,401.005575117371,476.47041712800177,389.36473004694847,,rms
3,target_censoring_25,cox_context_only,0.22922115178119026,0.0,351.0,0.0,2.0,57.0,119.97916666666669,True,Bearing1_3,1,27,1.0,35.888888888888886,42.493136700726936,-17.0,,rms
3,target_censoring_25,cox_context_only,0.3118666970140216,0.0,5253.0,0.0,8.0,57.0,497.8541666666668,True,Bearing2_3,2,103,1.0,176.3586165048544,220.80779080582462,-151.35821197411008,,rms
3,target_censoring_25,cox_context_only,0.2537672485930274,0.0,2485.0,0.0,5.0,57.0,308.91666666666674,True,Bearing3_3,3,71,1.0,99.93691314553993,120.29806912011422,-63.02083333333326,,rms
3,target_censoring_25,landmark_km_baseline,0.19662551440329218,0.5,351.0,0.5,2.0,57.0,119.97916666666669,True,Bearing1_3,1,27,1.0,49.39274691358027,60.25570872562847,45.97916666666669,,rms
3,target_censoring_25,landmark_km_baseline,0.27732949778257215,0.5,5253.0,0.5,8.0,57.0,497.8541666666668,True,Bearing2_3,2,103,1.0,169.0212378640777,206.98309214529522,-144.02083333333334,,rms
3,target_censoring_25,landmark_km_baseline,0.2755120848548079,0.5,2485.0,0.5,5.0,57.0,308.91666666666674,True,Bearing3_3,3,71,1.0,99.93691314553993,120.29806912011422,-63.02083333333326,,rms
3,target_censoring_25,random_survival_forest,0.16766046263529444,0.7435897435897436,90.0,0.744927536231884,2.0,57.0,119.97916666666669,True,Bearing1_3,1,27,1.0,123.9922839506173,169.84048784967155,122.95370370370374,,rms
3,target_censoring_25,random_survival_forest,0.1425075798929427,0.8625547306301161,722.0,0.8638184245660881,8.0,57.0,497.8541666666668,True,Bearing2_3,2,103,0.9805825242718447,214.60622937293735,377.2050712049697,107.3228135313532,,rms
3,target_censoring_25,random_survival_forest,0.37943350998664527,0.19839034205231387,2000.0,0.1987704918032787,5.0,57.0,308.91666666666674,True,Bearing3_3,3,71,0.2535211267605634,495.90393518518533,672.9832825751164,336.43865740740756,,rms
4,target_censoring_25,cox_causal_features,,,,,,,,False,Bearing1_4,1,7,1.0,97.79166666666667,98.30162801014258,97.79166666666667,Fewer than two supported survival evaluation times,rms
4,target_censoring_25,cox_causal_features,,,,,,,,False,Bearing2_4,2,2,1.0,82.04583333333335,86.61033445682003,82.04583333333335,Fewer than two supported survival evaluation times,rms
4,target_censoring_25,cox_causal_features,0.21733356923608577,0.7263759086188992,1581.0,0.7267156862745098,8.0,61.30000000000001,484.74166666666673,True,Bearing3_4,3,108,1.0,171.27993827160492,217.07974419143795,-161.5498456790124,,rms
4,target_censoring_25,cox_context_only,,,,,,,,False,Bearing1_4,1,7,1.0,37.30000000000001,38.61722413638765,37.30000000000001,Fewer than two supported survival evaluation times,rms
4,target_censoring_25,cox_context_only,,,,,,,,False,Bearing2_4,2,2,1.0,112.29166666666669,112.31949253258662,112.29166666666669,Fewer than two supported survival evaluation times,rms
4,target_censoring_25,cox_context_only,0.5046296296296295,0.5,5778.0,0.5,8.0,61.30000000000001,484.74166666666673,True,Bearing3_4,3,108,1.0,219.96481481481473,264.9142439859863,-214.19999999999993,,rms
4,target_censoring_25,landmark_km_baseline,,,,,,,,False,Bearing1_4,1,7,1.0,97.79166666666667,98.30162801014258,97.79166666666667,Fewer than two supported survival evaluation times,rms
4,target_censoring_25,landmark_km_baseline,,,,,,,,False,Bearing2_4,2,2,1.0,112.29166666666669,112.31949253258662,112.29166666666669,Fewer than two supported survival evaluation times,rms
4,target_censoring_25,landmark_km_baseline,0.28910934744268074,0.5,5778.0,0.5,8.0,61.30000000000001,484.74166666666673,True,Bearing3_4,3,108,1.0,178.74922839506178,218.91589344489762,-153.70833333333334,,rms
4,target_censoring_25,random_survival_forest,,,,,,,,False,Bearing1_4,1,7,1.0,1368.1166666666668,1370.9827790372376,1368.1166666666668,Fewer than two supported survival evaluation times,rms
4,target_censoring_25,random_survival_forest,,,,,,,,False,Bearing2_4,2,2,1.0,142.53750000000002,145.21284438234488,142.53750000000002,Fewer than two supported survival evaluation times,rms
4,target_censoring_25,random_survival_forest,0.1571696431960338,0.7111457251644168,1671.0,0.7118347338935574,8.0,61.30000000000001,484.74166666666673,True,Bearing3_4,3,108,1.0,119.95733024691357,189.45851168819516,10.4033179012346,,rms
5,target_censoring_25,cox_causal_features,,,,,,,,False,Bearing1_5,1,4,1.0,133.85416666666666,161.82747049970635,133.85416666666666,Fewer than two supported survival evaluation times,rms
5,target_censoring_25,cox_causal_features,0.24774920014705804,0.8908246225319396,108.0,0.8904428904428905,12.0,25.0,200.08333333333331,True,Bearing2_5,2,42,1.0,59.541666666666664,68.74382968943738,-57.351190476190474,,rms
5,target_censoring_25,cox_causal_features,0.40712247989172795,0.5052631578947369,94.0,0.49732620320855614,5.0,25.0,88.66666666666666,True,Bearing3_5,3,20,0.85,23.779411764705884,28.614800035047452,-20.210784313725494,,rms
5,target_censoring_25,cox_context_only,,,,,,,,False,Bearing1_5,1,4,1.0,26.416666666666664,27.001671758944436,26.416666666666664,Fewer than two supported survival evaluation times,rms
5,target_censoring_25,cox_context_only,0.2357732118674556,1.0,0.0,1.0,12.0,25.0,200.08333333333331,True,Bearing2_5,2,42,1.0,64.44047619047619,79.2537553564198,-52.4246031746032,,rms
5,target_censoring_25,cox_context_only,0.2234261508730106,1.0,0.0,1.0,5.0,25.0,88.66666666666666,True,Bearing3_5,3,20,1.0,27.125000000000007,32.30980673280345,-14.583333333333332,,rms
5,target_censoring_25,landmark_km_baseline,,,,,,,,False,Bearing1_5,1,4,1.0,58.25,58.51762554991445,58.25,Fewer than two supported survival evaluation times,rms
5,target_censoring_25,landmark_km_baseline,0.2204409171075838,0.5,861.0,0.5,12.0,25.0,200.08333333333331,True,Bearing2_5,2,42,1.0,58.583333333333336,70.36319468775325,-35.75,,rms
5,target_censoring_25,landmark_km_baseline,0.22504629629629633,0.5,190.0,0.5,5.0,25.0,88.66666666666666,True,Bearing3_5,3,20,1.0,27.925,33.597804987826215,17.25,,rms
5,target_censoring_25,random_survival_forest,,,,,,,,False,Bearing1_5,1,4,1.0,74.16666666666667,82.1032759192145,74.16666666666667,Fewer than two supported survival evaluation times,rms
5,target_censoring_25,random_survival_forest,0.20275486639647478,0.89198606271777,93.0,0.8916083916083916,12.0,25.0,200.08333333333331,True,Bearing2_5,2,42,1.0,60.29960317460318,71.65318371693255,-58.10912698412699,,rms
5,target_censoring_25,random_survival_forest,0.17588431499469465,0.8552631578947368,28.0,0.8689839572192514,5.0,25.0,88.66666666666666,True,Bearing3_5,3,20,1.0,17.46666666666667,21.633436055226078,-11.4,,rms
1,target_censoring_50,cox_causal_features,0.14436512607848007,0.8714285714285714,27.0,0.8714285714285714,22.0,12.100000000000001,107.38750000000002,True,Bearing1_1,1,21,1.0,20.860714285714284,26.515608891386073,-18.81071428571428,,rms
1,target_censoring_50,cox_causal_features,0.2759217917689433,0.7333333333333333,4.0,0.7333333333333333,5.0,12.100000000000001,30.250000000000004,True,Bearing2_1,2,6,1.0,26.14375000000001,27.129985620926284,26.14375000000001,,rms
1,target_censoring_50,cox_causal_features,0.23108472243051986,0.9521604938271605,31.0,0.9515050167224081,25.0,12.100000000000001,121.0,True,Bearing3_1,3,38,1.0,53.02861842105263,61.99578452217326,-52.81282894736842,,rms
1,target_censoring_50,cox_context_only,0.2191871212377406,1.0,0.0,1.0,22.0,12.100000000000001,107.38750000000002,True,Bearing1_1,1,21,1.0,35.50059523809524,42.97749402372739,-31.991071428571434,,rms
1,target_censoring_50,cox_context_only,0.2723064387829598,1.0,0.0,1.0,5.0,12.100000000000001,30.250000000000004,True,Bearing2_1,2,6,1.0,31.437500000000004,32.57657245501232,31.437500000000004,,rms
1,target_censoring_50,cox_context_only,0.25106199190304346,1.0,0.0,1.0,25.0,12.100000000000001,121.0,True,Bearing3_1,3,38,0.0,,,,,rms
1,target_censoring_50,landmark_km_baseline,0.22155559754766094,0.5,210.0,0.5,22.0,12.100000000000001,107.38750000000002,True,Bearing1_1,1,21,1.0,36.7970238095238,44.99693681703973,-33.2875,,rms
1,target_censoring_50,landmark_km_baseline,0.23119212962962962,0.5,15.0,0.5,5.0,12.100000000000001,30.250000000000004,True,Bearing2_1,2,6,1.0,8.070833333333335,9.52165022024369,4.212500000000002,,rms
1,target_censoring_50,landmark_km_baseline,0.3198387074940437,0.5,648.0,0.5,25.0,12.100000000000001,121.0,True,Bearing3_1,3,38,1.0,69.41118421052632,81.12295994312714,-67.2611842105263,,rms
1,target_censoring_50,random_survival_forest,0.2183496095386287,0.43333333333333335,119.0,0.43333333333333335,22.0,12.100000000000001,107.38750000000002,True,Bearing1_1,1,21,1.0,37.00892857142856,41.67640317788038,-20.323214285714286,,rms
1,target_censoring_50,random_survival_forest,0.2888479155699779,0.6,6.0,0.6,5.0,12.100000000000001,30.250000000000004,True,Bearing2_1,2,6,1.0,40.51250000000002,49.94721067453785,40.51250000000002,,rms
1,target_censoring_50,random_survival_forest,0.22377762954844022,0.6111111111111112,252.0,0.6454849498327759,25.0,12.100000000000001,121.0,True,Bearing3_1,3,38,1.0,46.75065789473685,60.369178985485455,-36.9315789473684,,rms
2,target_censoring_50,cox_causal_features,0.15899469364476407,0.7883597883597884,80.0,0.7903225806451613,5.0,36.0,127.89999999999999,True,Bearing1_2,1,28,1.0,25.890178571428574,30.29615612405074,-9.140178571428574,,mechanically_informed_spectral_skl
2,target_censoring_50,cox_causal_features,0.1495428278174827,0.8183908045977012,79.0,0.8183908045977012,6.0,36.0,150.875,True,Bearing2_2,2,30,1.0,65.83249999999998,90.64184567571424,54.760833333333316,,mechanically_informed_spectral_skl
2,target_censoring_50,cox_causal_features,0.3764729881655583,0.4909575797983165,30540.0,0.561941251596424,25.0,36.0,587.4,True,Bearing3_2,3,494,1.0,500.2936740890688,532.9583166782827,-498.2279858299595,,mechanically_informed_spectral_skl
2,target_censoring_50,cox_context_only,0.261219978334653,0.0,378.0,0.0,5.0,36.0,127.89999999999999,True,Bearing1_2,1,28,1.0,46.142857142857146,56.49336244197189,-39.5,,mechanically_informed_spectral_skl
2,target_censoring_50,cox_context_only,0.2187979507544367,0.0,435.0,0.0,6.0,36.0,150.875,True,Bearing2_2,2,30,1.0,40.03999999999999,47.477808412632804,-19.525,,mechanically_informed_spectral_skl
2,target_censoring_50,cox_context_only,0.29778126221419243,0.0,59995.0,0.0,25.0,36.0,587.4,True,Bearing3_2,3,494,0.6194331983805668,478.7059640522876,491.06063604620294,-478.7059640522876,,mechanically_informed_spectral_skl
2,target_censoring_50,landmark_km_baseline,0.2240547839506173,0.5,378.0,0.5,5.0,36.0,127.89999999999999,True,Bearing1_2,1,28,1.0,36.933928571428574,43.63857954837668,-16.525000000000002,,mechanically_informed_spectral_skl
2,target_censoring_50,landmark_km_baseline,0.2127623456790123,0.5,435.0,0.5,6.0,36.0,150.875,True,Bearing2_2,2,30,1.0,40.03999999999999,47.477808412632804,-19.525,,mechanically_informed_spectral_skl
2,target_censoring_50,landmark_km_baseline,0.4894717187526034,0.5,59995.0,0.5,25.0,36.0,587.4,True,Bearing3_2,3,494,1.0,555.7506072874493,587.9038246188896,-554.5492914979757,,mechanically_informed_spectral_skl
2,target_censoring_50,random_survival_forest,0.16815955059196042,0.7751322751322751,85.0,0.7795698924731183,5.0,36.0,127.89999999999999,True,Bearing1_2,1,28,0.9642857142857143,35.36851851851853,47.88562037698676,-13.544444444444446,,mechanically_informed_spectral_skl
2,target_censoring_50,random_survival_forest,0.13771701612749299,0.7563218390804598,106.0,0.7563218390804598,6.0,36.0,150.875,True,Bearing2_2,2,30,0.7666666666666667,40.75978260869566,70.30947950033975,7.964130434782603,,mechanically_informed_spectral_skl
2,target_censoring_50,random_survival_forest,0.6488976434194562,0.8647053921160097,8117.0,0.9168091168091168,25.0,36.0,587.4,True,Bearing3_2,3,494,1.0,558.3451923076923,588.9987413518115,-557.851366396761,,mechanically_informed_spectral_skl
3,target_censoring_50,cox_causal_features,0.18862957618603376,0.9629629629629629,13.0,0.9761904761904762,3.0,37.0,111.12499999999999,True,Bearing1_3,1,27,1.0,256.75462962962956,344.80268193213425,256.75462962962956,,rms
3,target_censoring_50,cox_causal_features,0.1567285123407609,0.9074814391776128,491.0,0.9074814391776128,14.0,37.0,518.8124999999999,True,Bearing2_3,2,103,0.912621359223301,109.9255319148936,147.05584441405168,31.863031914893597,,rms
3,target_censoring_50,cox_causal_features,0.2287205640792366,0.18209255533199195,2033.0,0.1812121212121212,9.0,37.0,333.49999999999994,True,Bearing3_3,3,71,0.5633802816901409,418.97343749999993,443.4002729484739,418.97343749999993,,rms
3,target_censoring_50,cox_context_only,0.27431198003492513,0.0,351.0,0.0,3.0,37.0,111.12499999999999,True,Bearing1_3,1,27,1.0,48.00694444444444,56.813050052342724,-32.88194444444444,,rms
3,target_censoring_50,cox_context_only,0.30895231367236675,0.0,5253.0,0.0,14.0,37.0,518.8124999999999,True,Bearing2_3,2,103,1.0,194.28033980582524,238.9852882323614,-173.0254854368932,,rms
3,target_censoring_50,cox_context_only,0.2559746852379499,0.0,2485.0,0.0,9.0,37.0,333.49999999999994,True,Bearing3_3,3,71,1.0,103.30105633802818,125.16395497506461,-71.875,,rms
3,target_censoring_50,landmark_km_baseline,0.2190946502057613,0.5,351.0,0.5,3.0,37.0,111.12499999999999,True,Bearing1_3,1,27,1.0,33.70601851851852,38.944454970081,0.0625,,rms
3,target_censoring_50,landmark_km_baseline,0.26824127089499256,0.5,5253.0,0.5,14.0,37.0,518.8124999999999,True,Bearing2_3,2,103,1.0,198.78944174757282,241.19754125249702,-189.9375,,rms
3,target_censoring_50,landmark_km_baseline,0.26159189706138064,0.5,2485.0,0.5,9.0,37.0,333.49999999999994,True,Bearing3_3,3,71,1.0,122.17341549295774,149.55727634003637,-108.9375,,rms
3,target_censoring_50,random_survival_forest,0.17074054884878634,0.7435897435897436,90.0,0.7708333333333334,3.0,37.0,111.12499999999999,True,Bearing1_3,1,27,1.0,113.09259259259258,212.5421152438142,111.24999999999997,,rms
3,target_censoring_50,random_survival_forest,0.1622798010218015,0.8998667428136303,527.0,0.8998667428136303,14.0,37.0,518.8124999999999,True,Bearing2_3,2,103,0.8446601941747572,123.72701149425288,152.13142494625546,-99.95258620689656,,rms
3,target_censoring_50,random_survival_forest,0.36141855725277305,0.19617706237424548,2002.0,0.19333333333333333,9.0,37.0,333.49999999999994,True,Bearing3_3,3,71,0.16901408450704225,118.46875,136.54018934838075,-77.92708333333336,,rms
4,target_censoring_50,cox_causal_features,,,,,,,,False,Bearing1_4,1,7,1.0,81.75000000000001,82.35934980316443,81.75000000000001,Fewer than two supported survival evaluation times,rms
4,target_censoring_50,cox_causal_features,,,,,,,,False,Bearing2_4,2,2,1.0,79.66250000000001,92.62752189549282,79.66250000000001,Fewer than two supported survival evaluation times,rms
4,target_censoring_50,cox_causal_features,0.18330162610139974,0.7174627898926964,1643.0,0.7174138826380474,16.0,39.400000000000006,537.0250000000001,True,Bearing3_4,3,108,1.0,171.59745370370376,217.95542844928008,-167.59976851851846,,rms
4,target_censoring_50,cox_context_only,,,,,,,,False,Bearing1_4,1,7,1.0,48.57500000000001,49.593655088125956,48.57500000000001,Fewer than two supported survival evaluation times,rms
4,target_censoring_50,cox_context_only,,,,,,,,False,Bearing2_4,2,2,1.0,63.07500000000002,63.12452475068626,63.07500000000002,Fewer than two supported survival evaluation times,rms
4,target_censoring_50,cox_context_only,0.45622500071291766,0.0,5778.0,0.0,16.0,39.400000000000006,537.0250000000001,True,Bearing3_4,3,108,1.0,238.22592592592594,282.9154054954708,-236.09999999999988,,rms
4,target_censoring_50,landmark_km_baseline,,,,,,,,False,Bearing1_4,1,7,1.0,48.57500000000001,49.593655088125956,48.57500000000001,Fewer than two supported survival evaluation times,rms
4,target_censoring_50,landmark_km_baseline,,,,,,,,False,Bearing2_4,2,2,1.0,63.07500000000002,63.12452475068626,63.07500000000002,Fewer than two supported survival evaluation times,rms
4,target_censoring_50,landmark_km_baseline,0.2652551440329218,0.5,5778.0,0.5,16.0,39.400000000000006,537.0250000000001,True,Bearing3_4,3,108,1.0,211.24861111111116,255.88370853117374,-202.92500000000004,,rms
4,target_censoring_50,random_survival_forest,,,,,,,,False,Bearing1_4,1,7,1.0,418.23928571428576,418.68967465261704,418.23928571428576,Fewer than two supported survival evaluation times,rms
4,target_censoring_50,random_survival_forest,,,,,,,,False,Bearing2_4,2,2,1.0,79.66250000000001,92.62752189549282,79.66250000000001,Fewer than two supported survival evaluation times,rms
4,target_censoring_50,random_survival_forest,0.1418348808902022,0.7122706818968502,1663.0,0.7123939761121689,16.0,39.400000000000006,537.0250000000001,True,Bearing3_4,3,108,1.0,119.17199074074072,160.46849950844165,-10.325694444444421,,rms
5,target_censoring_50,cox_causal_features,,,,,,,,False,Bearing1_5,1,4,1.0,68.79479166666667,90.9667937020076,68.79479166666667,Fewer than two supported survival evaluation times,rms
5,target_censoring_50,cox_causal_features,0.2546504166288957,0.7851335656213705,190.0,0.7848837209302325,23.0,17.0,205.19166666666666,True,Bearing2_5,2,42,0.9761904761904762,63.015142276422765,73.27975299448632,-60.409247967479665,,rms
5,target_censoring_50,cox_causal_features,0.45550703903619394,0.3736842105263158,119.0,0.3736842105263158,11.0,17.0,102.54166666666667,True,Bearing3_5,3,20,0.75,35.99444444444445,38.99702514176443,-26.855555555555554,,rms
5,target_censoring_50,cox_context_only,,,,,,,,False,Bearing1_5,1,4,1.0,28.1625,28.71195580677151,28.1625,Fewer than two supported survival evaluation times,rms
5,target_censoring_50,cox_context_only,0.2474433176800478,0.0,861.0,0.0,23.0,17.0,205.19166666666666,True,Bearing2_5,2,42,1.0,73.39623015873015,89.20451841779537,-58.50535714285715,,rms
5,target_censoring_50,cox_context_only,0.21185083661325796,0.0,190.0,0.0,11.0,17.0,102.54166666666667,True,Bearing3_5,3,20,1.0,26.601250000000004,31.560282100291815,-12.837499999999995,,rms
5,target_censoring_50,landmark_km_baseline,,,,,,,,False,Bearing1_5,1,4,1.0,53.825,54.114513995784904,53.825,Fewer than two supported survival evaluation times,rms
5,target_censoring_50,landmark_km_baseline,0.21181738015071352,0.5,861.0,0.5,23.0,17.0,205.19166666666666,True,Bearing2_5,2,42,1.0,60.18571428571427,72.71139726113552,-40.175000000000004,,rms
5,target_censoring_50,landmark_km_baseline,0.20789506172839506,0.5,190.0,0.5,11.0,17.0,102.54166666666667,True,Bearing3_5,3,20,1.0,26.597499999999997,31.55519965077071,12.825000000000003,,rms
5,target_censoring_50,random_survival_forest,,,,,,,,False,Bearing1_5,1,4,1.0,58.10208333333334,64.20952478345146,58.10208333333334,Fewer than two supported survival evaluation times,rms
5,target_censoring_50,random_survival_forest,0.19402347371432144,0.9152148664343787,73.0,0.9151162790697674,23.0,17.0,205.19166666666666,True,Bearing2_5,2,42,1.0,61.399206349206345,72.39724243232995,-60.542063492063484,,rms
5,target_censoring_50,random_survival_forest,0.18911543832634203,0.8368421052631579,31.0,0.8368421052631579,11.0,17.0,102.54166666666667,True,Bearing3_5,3,20,1.0,28.251874999999995,33.11387933088296,-26.951874999999994,,rms
1,target_censoring_75,cox_causal_features,0.12086291254165456,0.9290322580645162,11.0,0.9722222222222222,24.0,9.791666666666666,51.0,True,Bearing1_1,1,21,0.38095238095238093,7.057291666666666,8.199405572119915,-0.8072916666666643,,rms
1,target_censoring_75,cox_causal_features,0.29665070700026125,0.5333333333333333,7.0,0.5333333333333333,14.0,9.791666666666666,33.083333333333336,True,Bearing2_1,2,6,0.3333333333333333,12.666666666666671,16.13829124921361,12.666666666666671,,rms
1,target_censoring_75,cox_causal_features,0.12604672028534733,0.9659090909090909,12.0,0.9595959595959596,24.0,9.791666666666666,51.0,True,Bearing3_1,3,38,0.42105263157894735,8.489583333333332,10.063610618488552,-2.3541666666666647,,rms
1,target_censoring_75,cox_context_only,0.21771421488869963,1.0,0.0,1.0,24.0,9.791666666666666,51.0,True,Bearing1_1,1,21,1.0,19.259920634920633,21.310575426299497,-14.771825396825399,,rms
1,target_censoring_75,cox_context_only,0.24742115802715306,1.0,0.0,1.0,14.0,9.791666666666666,33.083333333333336,True,Bearing2_1,2,6,1.0,18.750000000000004,19.584929013004988,18.750000000000004,,rms
1,target_censoring_75,cox_context_only,0.10927440972046683,1.0,0.0,1.0,24.0,9.791666666666666,51.0,True,Bearing3_1,3,38,0.0,,,,,rms
1,target_censoring_75,landmark_km_baseline,0.23655442450732303,0.5,155.0,0.5,24.0,9.791666666666666,51.0,True,Bearing1_1,1,21,1.0,23.0515873015873,25.53893308606691,-19.464285714285705,,rms
1,target_censoring_75,landmark_km_baseline,0.2191358024691358,0.5,15.0,0.5,14.0,9.791666666666666,33.083333333333336,True,Bearing2_1,2,6,1.0,8.13888888888889,9.613719941370828,4.416666666666668,,rms
1,target_censoring_75,landmark_km_baseline,0.2496230259626522,0.5,352.0,0.5,24.0,9.791666666666666,51.0,True,Bearing3_1,3,38,1.0,27.03947368421052,28.605344192550255,-24.846491228070178,,rms
1,target_censoring_75,random_survival_forest,0.19946244922085166,0.23870967741935484,118.0,0.20833333333333334,24.0,9.791666666666666,51.0,True,Bearing1_1,1,21,0.0,,,,,rms
1,target_censoring_75,random_survival_forest,0.26055910519065406,0.5333333333333333,7.0,0.5333333333333333,14.0,9.791666666666666,33.083333333333336,True,Bearing2_1,2,6,0.6666666666666666,15.177083333333336,19.53390259764916,14.718750000000004,,rms
1,target_censoring_75,random_survival_forest,0.11112023725467704,0.7357954545454546,93.0,0.7643097643097643,24.0,9.791666666666666,51.0,True,Bearing3_1,3,38,0.23684210526315788,15.074074074074076,16.467302994152828,6.861111111111114,,rms
2,target_censoring_75,cox_causal_features,0.1556077459761395,0.8465608465608465,58.0,0.8488063660477454,16.0,18.0,135.5,True,Bearing1_2,1,28,1.0,26.46428571428572,31.793948460833846,-21.690476190476197,,mechanically_informed_spectral_skl
2,target_censoring_75,cox_causal_features,0.16545217807975568,0.7080459770114943,127.0,0.7096774193548387,17.0,18.0,143.33333333333331,True,Bearing2_2,2,30,0.8,31.027777777777775,37.15732319027659,5.888888888888886,,mechanically_informed_spectral_skl
2,target_censoring_75,cox_causal_features,0.38905724970266636,0.881530104119511,2617.0,0.8630939809926083,25.0,18.0,206.0,True,Bearing3_2,3,494,1.0,164.61470985155194,168.11421081140983,-164.38124156545211,,mechanically_informed_spectral_skl
2,target_censoring_75,cox_context_only,0.2731519561182216,0.0,378.0,0.0,16.0,18.0,135.5,True,Bearing1_2,1,28,1.0,50.83333333333335,62.90491060146082,-45.19047619047618,,mechanically_informed_spectral_skl
2,target_censoring_75,cox_context_only,0.22501550457635872,0.0,435.0,0.0,17.0,18.0,143.33333333333331,True,Bearing2_2,2,30,1.0,45.22222222222224,53.36082624714293,-26.033333333333346,,mechanically_informed_spectral_skl
2,target_censoring_75,cox_context_only,0.10129328028892852,0.0,22090.0,0.0,25.0,18.0,206.0,True,Bearing3_2,3,494,0.1194331983805668,123.24293785310735,126.91849409414759,-123.24293785310735,,mechanically_informed_spectral_skl
2,target_censoring_75,landmark_km_baseline,0.2102549970605526,0.5,378.0,0.5,16.0,18.0,135.5,True,Bearing1_2,1,28,1.0,37.38095238095239,44.35494460723755,-18.333333333333346,,mechanically_informed_spectral_skl
2,target_censoring_75,landmark_km_baseline,0.21052758487654322,0.5,435.0,0.5,17.0,18.0,143.33333333333331,True,Bearing2_2,2,30,1.0,40.52222222222224,48.24964018288404,-21.33333333333335,,mechanically_informed_spectral_skl
2,target_censoring_75,landmark_km_baseline,0.35761129438030037,0.5,22090.0,0.5,25.0,18.0,206.0,True,Bearing3_2,3,494,1.0,170.4652496626181,173.96453428223293,-169.3444669365722,,mechanically_informed_spectral_skl
2,target_censoring_75,random_survival_forest,0.14595773365889764,0.8783068783068783,46.0,0.8806366047745358,16.0,18.0,135.5,True,Bearing1_2,1,28,0.9642857142857143,31.574074074074073,41.44008764707829,-21.425925925925934,,mechanically_informed_spectral_skl
2,target_censoring_75,random_survival_forest,0.12434669858415294,0.8390804597701149,70.0,0.8387096774193549,17.0,18.0,143.33333333333331,True,Bearing2_2,2,30,0.7333333333333333,24.984848484848488,33.38575423528104,-13.439393939393943,,mechanically_informed_spectral_skl
2,target_censoring_75,random_survival_forest,0.32375779026334217,0.9483023992756904,1142.0,0.9407602956705385,25.0,18.0,206.0,True,Bearing3_2,3,494,0.9979757085020243,151.33096686950643,157.3420574571533,-150.89080459770116,,mechanically_informed_spectral_skl
3,target_censoring_75,cox_causal_features,0.1733802581792252,0.9544159544159544,16.0,0.9542857142857143,11.0,20.0,129.16666666666666,True,Bearing1_3,1,27,1.0,41.41975308641974,44.28605457285204,41.41975308641974,,rms
3,target_censoring_75,cox_causal_features,0.2107352092509182,0.9284656084656084,338.0,0.9410909090909091,25.0,20.0,282.0,True,Bearing2_3,2,103,1.0,136.10436893203885,152.51678887017903,-135.7176375404531,,rms
3,target_censoring_75,cox_causal_features,0.19424608036573873,0.25553319919517103,1850.0,0.25792811839323465,25.0,20.0,282.0,True,Bearing3_3,3,71,1.0,85.91314553990608,102.81613334975842,-37.96478873239436,,rms
3,target_censoring_75,cox_context_only,0.28324381737377474,0.0,351.0,0.0,11.0,20.0,129.16666666666666,True,Bearing1_3,1,27,1.0,46.26543209876544,56.22944983553178,-32.97530864197532,,rms
3,target_censoring_75,cox_context_only,0.4119859482017559,0.0,4725.0,0.0,25.0,20.0,282.0,True,Bearing2_3,2,103,0.7378640776699029,207.08552631578948,229.27095075401317,-196.4934210526316,,rms
3,target_censoring_75,cox_context_only,0.33962057916582944,0.0,2485.0,0.0,25.0,20.0,282.0,True,Bearing3_3,3,71,0.8591549295774648,140.37158469945354,163.86372912060642,-97.22950819672131,,rms
3,target_censoring_75,landmark_km_baseline,0.20696296296296296,0.5,351.0,0.5,11.0,20.0,129.16666666666666,True,Bearing1_3,1,27,1.0,34.50617283950617,40.29198982979675,-10.333333333333336,,rms
3,target_censoring_75,landmark_km_baseline,0.3416569779056293,0.5,4725.0,0.5,25.0,20.0,282.0,True,Bearing2_3,2,103,1.0,179.99757281553408,209.05901847703282,-173.66100323624588,,rms
3,target_censoring_75,landmark_km_baseline,0.28087303657334955,0.5,2485.0,0.5,25.0,20.0,282.0,True,Bearing3_3,3,71,1.0,128.8227699530516,157.23186959927648,-119.3016431924883,,rms
3,target_censoring_75,random_survival_forest,0.1480073936816796,0.7720797720797721,80.0,0.7714285714285715,11.0,20.0,129.16666666666666,True,Bearing1_3,1,27,0.8888888888888888,38.875,56.008044437086596,32.24999999999999,,rms
3,target_censoring_75,random_survival_forest,0.19576684446527762,0.9202116402116403,378.0,0.9318787878787879,25.0,20.0,282.0,True,Bearing2_3,2,103,0.7766990291262136,118.13645833333335,134.0286437436043,-115.734375,,rms
3,target_censoring_75,random_survival_forest,0.32678022593234207,0.3271629778672032,1734.0,0.3361522198731501,25.0,20.0,282.0,True,Bearing3_3,3,71,0.07042253521126761,56.58333333333333,59.530466056372255,56.58333333333333,,rms
4,target_censoring_75,cox_causal_features,0.45200905880224185,0.38095238095238093,13.0,0.35,2.0,22.0,32.708333333333336,True,Bearing1_4,1,7,1.0,72.95833333333336,73.64046715480409,72.95833333333336,,rms
4,target_censoring_75,cox_causal_features,,,,,,,,False,Bearing2_4,2,2,1.0,66.04166666666667,68.69746730330668,66.04166666666667,Fewer than two supported survival evaluation times,rms
4,target_censoring_75,cox_causal_features,0.21552760349385036,0.7704615384615384,1119.0,0.7631818181818182,25.0,22.0,279.0,True,Bearing3_4,3,108,1.0,143.18325617283955,168.87345625952605,-141.985725308642,,rms
4,target_censoring_75,cox_context_only,0.3091256521249318,0.0,21.0,0.0,2.0,22.0,32.708333333333336,True,Bearing1_4,1,7,1.0,30.125,31.74138662692605,30.125,,rms
4,target_censoring_75,cox_context_only,,,,,,,,False,Bearing2_4,2,2,1.0,55.33333333333334,55.38978044529315,55.33333333333334,Fewer than two supported survival evaluation times,rms
4,target_censoring_75,cox_context_only,0.671751169750451,0.0,4875.0,0.0,25.0,22.0,279.0,True,Bearing3_4,3,108,1.0,208.9857253086419,235.6445857735716,-207.62384259259258,,rms
4,target_censoring_75,landmark_km_baseline,0.3372134038800705,0.5,21.0,0.5,2.0,22.0,32.708333333333336,True,Bearing1_4,1,7,1.0,51.54166666666668,52.502794237809645,51.54166666666668,,rms
4,target_censoring_75,landmark_km_baseline,,,,,,,,False,Bearing2_4,2,2,1.0,66.04166666666667,66.08896833898311,66.04166666666667,Fewer than two supported survival evaluation times,rms
4,target_censoring_75,landmark_km_baseline,0.33443587105624134,0.5,4875.0,0.5,25.0,22.0,279.0,True,Bearing3_4,3,108,1.0,165.84413580246917,190.05197216002148,-156.75925925925918,,rms
4,target_censoring_75,random_survival_forest,0.5714285714285714,0.5,21.0,0.5,2.0,22.0,32.708333333333336,True,Bearing1_4,1,7,0.0,,,,,rms
4,target_censoring_75,random_survival_forest,,,,,,,,False,Bearing2_4,2,2,0.5,25.708333333333336,25.708333333333336,25.708333333333336,Fewer than two supported survival evaluation times,rms
4,target_censoring_75,random_survival_forest,0.10796049502076632,0.7301538461538462,1323.0,0.7128409090909091,25.0,22.0,279.0,True,Bearing3_4,3,108,0.16666666666666666,42.256944444444436,45.02996151912169,11.358796296296298,,rms
5,target_censoring_75,cox_causal_features,0.40635869576344175,0.6666666666666666,2.0,0.6666666666666666,4.0,11.0,19.75,True,Bearing1_5,1,4,0.25,24.416666666666664,24.416666666666664,24.416666666666664,,rms
5,target_censoring_75,cox_causal_features,0.32735896073024956,0.8461538461538461,93.0,0.8784313725490196,25.0,11.0,81.0,True,Bearing2_5,2,42,0.7380952380952381,40.62903225806452,46.179761156829215,-36.91935483870968,,rms
5,target_censoring_75,cox_causal_features,0.4270450702902606,0.3181818181818182,128.0,0.30277777777777776,25.0,11.0,81.0,True,Bearing3_5,3,20,0.7,31.422619047619055,35.1517331754509,-30.10119047619048,,rms
5,target_censoring_75,cox_context_only,0.3249101443742194,0.0,6.0,0.0,4.0,11.0,19.75,True,Bearing1_5,1,4,1.0,19.83333333333333,20.606094028493388,19.83333333333333,,rms
5,target_censoring_75,cox_context_only,0.2575771281353736,0.0,585.0,0.0,25.0,11.0,81.0,True,Bearing2_5,2,42,0.9523809523809523,40.4875,43.912523523730925,-24.758333333333336,,rms
5,target_censoring_75,cox_context_only,0.25786740255051016,0.0,187.0,0.0,25.0,11.0,81.0,True,Bearing3_5,3,20,1.0,30.3875,36.03930628109013,-20.337500000000002,,rms
5,target_censoring_75,landmark_km_baseline,0.36333333333333334,0.5,6.0,0.5,4.0,11.0,19.75,True,Bearing1_5,1,4,1.0,49.0,49.31784666832079,49.0,,rms
5,target_censoring_75,landmark_km_baseline,0.1996957671957672,0.5,585.0,0.5,25.0,11.0,81.0,True,Bearing2_5,2,42,1.0,26.714285714285715,28.858645646866876,-9.571428571428571,,rms
5,target_censoring_75,landmark_km_baseline,0.20640432098765432,0.5,187.0,0.5,25.0,11.0,81.0,True,Bearing3_5,3,20,1.0,24.625,28.841159824112484,8.975,,rms
5,target_censoring_75,random_survival_forest,0.303807993546991,0.8333333333333334,1.0,0.8333333333333334,4.0,11.0,19.75,True,Bearing1_5,1,4,0.5,30.666666666666664,34.13860636353576,30.666666666666664,,rms
5,target_censoring_75,random_survival_forest,0.22747444996631933,0.947008547008547,34.0,0.9392156862745098,25.0,11.0,81.0,True,Bearing2_5,2,42,0.9047619047619048,32.34649122807018,38.27422024904642,-31.425438596491244,,rms
5,target_censoring_75,random_survival_forest,0.25375416392624117,0.8743315508021391,25.0,0.875,25.0,11.0,81.0,True,Bearing3_5,3,20,1.0,31.666666666666668,36.70074174242865,-30.399999999999995,,rms
