experiment,model,global_mae,global_rmse,global_r2,global_signed_error,acquisition_count,bearing_count,negative_raw_prediction_count,macro_mae,macro_rmse,macro_normalized_mae,median_bearing_mae,bearing_mae_q1,bearing_mae_q3,monotonicity_violation_rate,fold_macro_mae_mean,fold_macro_mae_std,fold_macro_rmse_mean,fold_macro_rmse_std
dummy_median,dummy,783.1449652777778,1072.3060998356727,-1.0832161103578208,-767.4494357638889,9216,15,0,269.63163920075476,316.612798180363,0.6065319848143244,96.08849557522124,46.513324450366426,182.22289962285492,0.0,269.63163920075476,175.28218831008232,316.612798180363,205.9302887341816
time_only_ridge,ridge,615.2244373296334,851.9918111601421,-0.31512675665793854,-372.03897875604514,9216,15,52,290.75687199524845,331.46444663168376,1.3028567047372994,162.157396169527,46.23733339456258,395.4510586971415,0.9333333333333333,290.75687199524845,77.32946645995357,331.46444663168376,107.65914908422766
selected_features_plus_time_ridge,ridge,600.9103073057099,831.8762437359175,-0.25375944220744784,-335.3643408487582,9216,15,265,291.75311298838335,335.2896226913201,1.1580776636716752,137.1295600298297,63.38856010820886,349.8379624356207,0.4136584031749802,291.75311298838335,95.43655851276348,335.2896226913201,117.68798366482098
selected_features_ridge,ridge,702.1701826818795,969.131634290052,-0.7016189463477263,-578.8179259929594,9216,15,275,337.6400425190232,390.9706459453306,1.7236333383059061,299.7324854519278,113.82410993475011,392.8332297544339,0.4100949786519182,337.6400425190232,118.9956428178118,390.9706459453306,151.18690261538882
all_features_ridge,ridge,758.3124327821577,1028.0721902078888,-0.9148907241872339,-628.6737499066535,9216,15,782,381.33264883902365,467.18812286283367,1.984611195815447,348.23668113908144,141.5158559277922,397.24693978835546,0.43485473616959053,381.3326488390236,93.36098836809167,467.18812286283367,107.48241456233515
selected_features_hist_gradient_boosting,hist_gradient_boosting,769.5243932620883,1055.216897934278,-1.017345328758342,-649.0675678163525,9216,15,3,384.42526986958575,509.40412225013154,1.7704498179812989,324.36604955315704,136.22705527516428,464.43950676586377,0.4065417966321217,384.42526986958575,175.37993297041126,509.4041222501314,254.032738312288
selected_features_random_forest,random_forest,767.6284886615218,1050.2377849015616,-0.9983522811784071,-626.6659735308997,9216,15,0,402.91970315947117,522.8337045125029,2.0322582493973376,354.98910572591126,122.2705609402299,510.0966318179028,0.4547181257354532,402.91970315947117,135.51295488763475,522.8337045125029,198.4671700975241
all_features_random_forest,random_forest,775.2201858230097,1053.2162461475236,-1.0097029578172143,-616.9764369702556,9216,15,0,420.41601566256037,529.6147003587795,2.544366023884155,370.43293009798623,94.91896358658478,553.5401514893036,0.47777334252011716,420.4160156625603,146.9078270315166,529.6147003587796,197.6741693678383
all_features_hist_gradient_boosting,hist_gradient_boosting,797.1133619851244,1072.5523964468412,-1.0841732027286954,-627.5500752668021,9216,15,94,432.35421117247824,548.905268246009,2.239235518528879,335.19854778634397,114.49698456251708,632.8288770425347,0.4698770734362117,432.35421117247824,172.94291097242228,548.905268246009,214.73812232203312
condition_lifetime_countdown,condition_countdown,847.6421440972222,1057.5279613825362,-1.026191507188713,-306.90342881944446,9216,15,0,519.2983673835664,537.1249798696583,2.3600554480302747,158.5121951219512,71.0,884.5114182692307,0.0,519.2983673835664,161.02245593955735,537.1249798696583,153.1404605535369
