candidate,reference,metric,mean_ci_lower,mean_ci_upper,median_ci_lower,median_ci_upper,win_ci_lower,win_ci_upper,failed_replicates,effective_replicates,stratified
time_only_ridge,dummy_median,paired_mae_difference,-76.47513360249599,129.48695374437833,-34.0620555201273,45.860030431559935,0.2,0.7333333333333333,0,10000,True
time_only_ridge,dummy_median,paired_mae_difference,-77.74421459708536,128.65485548852612,-56.0,45.860030431559935,0.2,0.7333333333333333,0,10000,False
selected_features_plus_time_ridge,dummy_median,paired_mae_difference,-98.64207520343493,164.0044531290875,-48.44454878818158,42.67241996657525,0.26666666666666666,0.8,0,10000,True
selected_features_plus_time_ridge,dummy_median,paired_mae_difference,-96.72786158400774,163.086046154192,-48.44454878818158,44.08966315452464,0.26666666666666666,0.8,0,10000,False
selected_features_ridge,dummy_median,paired_mae_difference,-1.0818825310553235,139.4706739759425,-49.466968626897255,218.2324854519278,0.2,0.6,0,10000,True
selected_features_ridge,dummy_median,paired_mae_difference,-14.28016757551917,153.88946220958073,-49.466968626897255,219.00069567601915,0.13333333333333333,0.6666666666666666,0,10000,False
selected_features_lstm_k1_ablation,dummy_median,paired_mae_difference,-31.386674973684638,53.833919637486666,-57.45100222787323,38.53848531971807,0.26666666666666666,0.6666666666666666,0,10000,True
selected_features_lstm_k1_ablation,dummy_median,paired_mae_difference,-46.72204860478289,69.25998349840074,-90.25253193992808,110.77301084078275,0.2,0.7333333333333333,0,10000,False
selected_features_plus_time_lstm,dummy_median,paired_mae_difference,-78.03578823771535,144.64013422892555,-75.00171545780066,10.081504929233603,0.4666666666666667,0.8666666666666667,0,10000,True
selected_features_plus_time_lstm,dummy_median,paired_mae_difference,-80.25275437761115,146.40487937478946,-75.00171545780066,24.871580644087345,0.4,0.8666666666666667,0,10000,False
selected_features_lstm,dummy_median,paired_mae_difference,-20.572209912708256,206.13655659925007,-63.139464649244985,126.08020481918797,0.26666666666666666,0.6666666666666666,0,10000,True
selected_features_lstm,dummy_median,paired_mae_difference,-23.978010446749956,212.22178684308332,-63.139464649244985,193.50188199050135,0.2,0.7333333333333333,0,10000,False
selected_features_lstm,selected_features_lstm_k1_ablation,paired_mae_difference,-10.348852526744096,185.2184556491175,-4.487456497872714,18.141589481604797,0.13333333333333333,0.5333333333333333,0,10000,True
selected_features_lstm,selected_features_lstm_k1_ablation,paired_mae_difference,-15.522144016719636,189.2472711351496,-6.368686676025391,23.865923216017023,0.13333333333333333,0.6,0,10000,False
selected_features_plus_time_lstm,selected_features_lstm,paired_mae_difference,-99.92145907439838,-23.967930443713236,-70.20659672872262,-10.259670633665273,0.5333333333333333,0.9333333333333333,0,10000,True
selected_features_plus_time_lstm,selected_features_lstm,paired_mae_difference,-103.27857259695288,-23.243072311615126,-101.20862417510062,-10.259670633665273,0.5333333333333333,0.9333333333333333,0,10000,False
selected_features_plus_time_lstm,time_only_ridge,paired_mae_difference,-116.41439854878058,98.4726376315189,-42.36708422891786,36.509865182479686,0.26666666666666666,0.8,0,10000,True
selected_features_plus_time_lstm,time_only_ridge,paired_mae_difference,-118.43281916914232,99.20618148326567,-81.22304386232648,90.93036335881169,0.26666666666666666,0.8,0,10000,False
condition_lifetime_countdown,dummy_median,paired_mae_difference,4.090406231479935,516.414205708082,-27.06191369606006,137.75155279503105,0.26666666666666666,0.6666666666666666,0,10000,True
condition_lifetime_countdown,dummy_median,paired_mae_difference,-9.707199503211092,591.1196748446956,-27.06191369606006,142.72026397508296,0.2,0.7333333333333333,0,10000,False
condition_lifetime_countdown,selected_features_plus_time_ridge,paired_mae_difference,93.40404709283837,359.18993253678195,-5.22178989473565,81.70019287155856,0.13333333333333333,0.5333333333333333,0,10000,True
condition_lifetime_countdown,selected_features_plus_time_ridge,paired_mae_difference,48.11093892090391,450.88165786106157,-5.28087324200667,316.61385486000404,0.13333333333333333,0.6,0,10000,False
condition_lifetime_countdown,selected_features_lstm_k1_ablation,paired_mae_difference,3.3957284270145,486.1284126421752,-9.313151010074975,99.21306747531298,0.3333333333333333,0.5333333333333333,0,10000,True
condition_lifetime_countdown,selected_features_lstm_k1_ablation,paired_mae_difference,-28.212177846141586,576.1197415192499,-86.27301084078275,192.29349772135419,0.13333333333333333,0.6666666666666666,0,10000,False
dummy_median,,model_macro_error,123.83577330087762,409.9655873843196,145.4488496893733,480.41218678592236,,,0,10000,True
condition_lifetime_countdown,,model_macro_error,393.64418972402973,669.0190018351175,411.44651623933623,679.5458438895213,,,0,10000,True
time_only_ridge,,model_macro_error,222.63819768263673,360.3397076729302,240.33844210967146,422.1665112635991,,,0,10000,True
selected_features_plus_time_ridge,,model_macro_error,199.61514265351846,365.84419370590683,226.29855970920156,425.1472313695252,,,0,10000,True
selected_features_ridge,,model_macro_error,201.3658906261676,457.668341406432,233.03825160618757,533.4980329642741,,,0,10000,True
selected_features_lstm_k1_ablation,,model_macro_error,142.31773105443233,411.2036709961305,164.251919914035,482.5378732998791,,,0,10000,True
selected_features_plus_time_lstm,,model_macro_error,166.2916890595586,384.1489788696198,198.6860759525438,475.52912339918686,,,0,10000,True
selected_features_lstm,,model_macro_error,212.71431020263734,465.590189425827,260.5277721200396,567.5318897851637,,,0,10000,True
