scenario,candidate,reference,paired_bearings,mean_delta_ibs,median_delta_ibs,wins,ties,losses,wilcoxon_statistic,wilcoxon_p_raw,rank_biserial_effect,holm_p_adjusted,holm_reject,family_hypothesis_count
fixed_horizon_120,cox_context_only,landmark_km_baseline,14,0.024780004181001614,0.005270360116646514,7,0,7,43.0,0.5830078125,0.18095238095238095,0.802734375,False,6
fixed_horizon_120,cox_causal_features,landmark_km_baseline,14,-0.027358311866660292,-0.030538301678015203,9,0,5,31.0,0.1937255859375,-0.4095238095238095,0.77490234375,False,6
fixed_horizon_120,random_survival_forest,landmark_km_baseline,14,-0.04485721462721539,-0.051513435391847176,11,0,3,24.0,0.0784912109375,-0.5428571428571428,0.470947265625,False,6
fixed_horizon_120,cox_causal_features,cox_context_only,14,-0.05213831604766191,-0.04557394545621413,9,0,5,34.0,0.267578125,-0.3523809523809524,0.802734375,False,6
fixed_horizon_120,random_survival_forest,cox_context_only,14,-0.06963721880821701,-0.03517479029509778,11,0,3,26.0,0.10400390625,-0.5047619047619047,0.52001953125,False,6
fixed_horizon_120,random_survival_forest,cox_causal_features,14,-0.017498902760555095,-0.011442682153608129,8,0,6,38.0,0.3909912109375,-0.2761904761904762,0.802734375,False,6
fixed_horizon_240,cox_context_only,landmark_km_baseline,14,0.03381911046887905,0.0358943152547848,3,0,11,24.0,0.0784912109375,0.5428571428571428,0.470947265625,False,6
fixed_horizon_240,cox_causal_features,landmark_km_baseline,14,-0.019176478658647585,-0.0459503673113142,10,0,4,34.0,0.267578125,-0.3523809523809524,1.0,False,6
fixed_horizon_240,random_survival_forest,landmark_km_baseline,14,-0.02307745869635754,-0.011733496404262134,9,0,5,31.0,0.1937255859375,-0.4095238095238095,0.9686279296875,False,6
fixed_horizon_240,cox_causal_features,cox_context_only,14,-0.05299558912752665,-0.07061245587247358,10,0,4,34.0,0.267578125,-0.3523809523809524,1.0,False,6
fixed_horizon_240,random_survival_forest,cox_context_only,14,-0.056896569165236596,-0.049732610510080294,9,0,5,34.0,0.267578125,-0.3523809523809524,1.0,False,6
fixed_horizon_240,random_survival_forest,cox_causal_features,14,-0.0039009800377099507,0.026135790168460363,6,0,8,45.0,0.6697998046875,0.14285714285714285,1.0,False,6
fixed_horizon_30,cox_context_only,landmark_km_baseline,15,0.01703447149264574,0.007671479877333742,6,0,9,40.0,0.27685546875,0.3333333333333333,1.0,False,6
fixed_horizon_30,cox_causal_features,landmark_km_baseline,15,-0.00011420410735838068,-0.0075128795690395725,8,0,7,55.0,0.803955078125,-0.08333333333333333,1.0,False,6
fixed_horizon_30,random_survival_forest,landmark_km_baseline,15,-0.023486078073358514,-0.02362203916905775,9,0,6,42.0,0.33026123046875,-0.3,1.0,False,6
fixed_horizon_30,cox_causal_features,cox_context_only,15,-0.017148675600004118,-0.010313201596927557,10,0,5,44.0,0.389404296875,-0.26666666666666666,1.0,False,6
fixed_horizon_30,random_survival_forest,cox_context_only,15,-0.04052054956600425,-0.03367408408198792,11,0,4,28.0,0.072998046875,-0.5333333333333333,0.43798828125,False,6
fixed_horizon_30,random_survival_forest,cox_causal_features,15,-0.023371873966000132,-0.027748729440019833,11,0,4,31.0,0.10699462890625,-0.48333333333333334,0.53497314453125,False,6
fixed_horizon_60,cox_context_only,landmark_km_baseline,15,0.018970816587472475,-0.0004985807570839773,8,0,7,54.0,0.76153564453125,0.1,1.0,False,6
fixed_horizon_60,cox_causal_features,landmark_km_baseline,15,0.02007840081828832,-0.021041814324149005,8,0,7,56.0,0.846923828125,0.06666666666666667,1.0,False,6
fixed_horizon_60,random_survival_forest,landmark_km_baseline,15,-0.02459294062083835,-0.024450558928492058,9,0,6,46.0,0.45428466796875,-0.23333333333333334,1.0,False,6
fixed_horizon_60,cox_causal_features,cox_context_only,15,0.0011075842308158354,0.019925574921241113,6,0,9,50.0,0.5994873046875,0.16666666666666666,1.0,False,6
fixed_horizon_60,random_survival_forest,cox_context_only,15,-0.043563757208310835,-0.021703240925429634,9,0,6,41.0,0.30279541015625,-0.31666666666666665,1.0,False,6
fixed_horizon_60,random_survival_forest,cox_causal_features,15,-0.04467134143912667,-0.021819586865274437,10,0,5,36.0,0.1876220703125,-0.4,1.0,False,6
full_event,cox_context_only,landmark_km_baseline,8,0.03895653780831826,0.007316651813549652,4,0,4,13.0,0.546875,0.2777777777777778,1.0,False,6
full_event,cox_causal_features,landmark_km_baseline,8,-0.03091394513007105,-0.056039126207928724,6,0,2,10.0,0.3125,-0.4444444444444444,1.0,False,6
full_event,random_survival_forest,landmark_km_baseline,8,-0.011093013739835081,-0.022757501763173968,5,0,3,16.0,0.84375,-0.1111111111111111,1.0,False,6
full_event,cox_causal_features,cox_context_only,8,-0.06987048293838931,-0.04229947380820599,4,0,4,12.0,0.4609375,-0.3333333333333333,1.0,False,6
full_event,random_survival_forest,cox_context_only,8,-0.05004955154815334,-0.024247971328540285,5,0,3,12.0,0.4609375,-0.3333333333333333,1.0,False,6
full_event,random_survival_forest,cox_causal_features,8,0.01982093139023597,-0.010294040486272305,4,0,4,16.0,0.84375,0.1111111111111111,1.0,False,6
target_censoring_25,cox_context_only,landmark_km_baseline,12,0.0346750584697516,0.023963966068884943,4,0,8,18.0,0.10986328125,0.5384615384615384,0.439453125,False,6
target_censoring_25,cox_causal_features,landmark_km_baseline,12,-0.034269101405655956,-0.05719970477542202,9,0,3,15.0,0.06396484375,-0.6153846153846154,0.3837890625,False,6
target_censoring_25,random_survival_forest,landmark_km_baseline,12,-0.0212343666258451,-0.03764506633811762,8,0,4,28.0,0.423828125,-0.28205128205128205,0.84765625,False,6
target_censoring_25,cox_causal_features,cox_context_only,12,-0.06894415987540757,-0.08225900856468847,9,0,3,15.0,0.06396484375,-0.6153846153846154,0.3837890625,False,6
target_censoring_25,random_survival_forest,cox_context_only,12,-0.0559094250955967,-0.05455126251210589,8,0,4,22.0,0.20361328125,-0.4358974358974359,0.61083984375,False,6
target_censoring_25,random_survival_forest,cox_causal_features,12,0.013034734779810866,0.0017358019994839144,6,0,6,34.0,0.7333984375,0.1282051282051282,0.84765625,False,6
target_censoring_50,cox_context_only,landmark_km_baseline,12,0.011861849170896588,0.020830771302379328,4,0,8,26.0,0.33935546875,0.3333333333333333,1.0,False,6
target_censoring_50,cox_causal_features,landmark_km_baseline,12,-0.027404233570788607,-0.06413980408369141,9,0,3,19.0,0.12939453125,-0.5128205128205128,0.7763671875,False,6
target_censoring_50,random_survival_forest,landmark_km_baseline,12,-0.018967385189795762,-0.03356686237951399,9,0,3,27.0,0.38037109375,-0.3076923076923077,1.0,False,6
target_censoring_50,cox_causal_features,cox_context_only,12,-0.039266082741685186,-0.04825462204783365,8,0,4,21.0,0.17626953125,-0.46153846153846156,0.88134765625,False,6
target_censoring_50,random_survival_forest,cox_context_only,12,-0.030829234360692348,-0.0403521031601648,9,0,3,23.0,0.2333984375,-0.41025641025641024,0.93359375,False,6
target_censoring_50,random_survival_forest,cox_causal_features,12,0.008436848380992837,-0.0008779021005195231,6,0,6,38.0,0.9697265625,0.02564102564102564,1.0,False,6
target_censoring_75,cox_context_only,landmark_km_baseline,14,0.019690683010368474,0.03987421856043655,5,0,9,35.0,0.2957763671875,0.3333333333333333,1.0,False,6
target_censoring_75,cox_causal_features,landmark_km_baseline,14,-0.006710310906411776,-0.03932905579026265,8,0,6,44.0,0.625732421875,-0.1619047619047619,1.0,False,6
target_censoring_75,random_survival_forest,landmark_km_baseline,14,-0.0324356179293394,-0.04802377228387737,9,0,5,30.0,0.172607421875,-0.42857142857142855,1.0,False,6
target_censoring_75,cox_causal_features,cox_context_only,14,-0.026400993916780243,-0.021395507965861267,7,0,7,45.0,0.6697998046875,-0.14285714285714285,1.0,False,6
target_censoring_75,random_survival_forest,cox_context_only,14,-0.0521263009397079,-0.01967695824753818,10,0,4,30.0,0.172607421875,-0.42857142857142855,1.0,False,6
target_censoring_75,random_survival_forest,cox_causal_features,14,-0.025725307022927642,-0.0307322331535764,11,0,3,33.0,0.2412109375,-0.37142857142857144,1.0,False,6
