scenario,model,macro_integrated_brier_score,macro_ipcw_c_index,macro_harrell_c_index,median_survival_macro_mae,median_survival_coverage,valid_bearings,test_landmarks
fixed_horizon_120,cox_causal_features,0.22313774426671865,0.7763614315521468,0.7746755524063138,39.2367569103709,0.7572122583276236,14,1001
fixed_horizon_120,cox_context_only,0.27527606031438057,0.21428571428571427,0.21428571428571427,41.41664491606827,0.8259005785825365,14,1001
fixed_horizon_120,landmark_km_baseline,0.25049605613337894,0.5,0.5,42.59629518041641,1.0,14,1001
fixed_horizon_120,random_survival_forest,0.20563884150616357,0.7454268632162713,0.7420203587407223,34.178529317621184,0.6414437571920641,14,1001
fixed_horizon_240,cox_causal_features,0.24202210288690437,0.7760277750429994,0.7712580492417811,60.63871850566587,0.902950453530243,14,1001
fixed_horizon_240,cox_context_only,0.29501769201443107,0.21428571428571427,0.21428571428571427,68.96975726378712,0.8477634803751957,14,1001
fixed_horizon_240,landmark_km_baseline,0.261198581545552,0.5,0.5,67.0108059822144,1.0,14,1001
fixed_horizon_240,random_survival_forest,0.23812112284919443,0.7283982157308838,0.7297631216506717,55.71794126508412,0.7367159712439808,14,1001
fixed_horizon_30,cox_causal_features,0.15583501294940122,0.7895304701224113,0.7957960499879912,10.086209426278597,0.23371472273192595,15,1001
fixed_horizon_30,cox_context_only,0.17298368854940535,0.0,0.0,5.3775559413580245,0.2517460317460317,15,1001
fixed_horizon_30,landmark_km_baseline,0.1559492170567596,0.5,0.5,5.770258980785297,0.2,15,1001
fixed_horizon_30,random_survival_forest,0.1324631389834011,0.8594251348118443,0.850530849481738,9.910444301069303,0.2477681601461172,15,1001
fixed_horizon_60,cox_causal_features,0.23492479624316337,0.7640946906928214,0.7642707797211453,22.58184182411156,0.41147781634830655,15,1001
fixed_horizon_60,cox_context_only,0.2338172120123475,0.2,0.2,21.10349935558269,0.7265747668318433,15,1001
fixed_horizon_60,landmark_km_baseline,0.21484639542487505,0.5,0.5,12.701471050194323,0.6,15,1001
fixed_horizon_60,random_survival_forest,0.19025345480403671,0.7797789267429563,0.7750491571003455,21.75513660773022,0.47792804732014166,15,1001
full_event,cox_causal_features,0.24527520034505343,0.6083285248887075,0.6073027725544319,177.8542845315043,0.9750793650793651,8,1001
full_event,cox_context_only,0.3151456832834427,0.5625,0.5625,150.93966157185997,0.9333333333333333,8,1001
full_event,landmark_km_baseline,0.27618914547512446,0.5,0.5,145.37386331046076,1.0,8,1001
full_event,random_survival_forest,0.2650961317352894,0.6387803992729585,0.6348905850582025,344.85637066274023,1.0,8,1001
target_censoring_25,cox_causal_features,0.23073584344665202,0.7249213195607846,0.7188794857754761,141.79501783030398,0.99,12,1001
target_censoring_25,cox_context_only,0.2996800033220596,0.4583333333333333,0.4583333333333333,127.6455877340931,0.9333333333333333,12,1001
target_censoring_25,landmark_km_baseline,0.265004944852308,0.5,0.5,132.56009148143195,1.0,12,1001
target_censoring_25,random_survival_forest,0.2437705782264629,0.6728610854870603,0.670794028493613,259.9427127804089,0.9467180211799383,12,1001
target_censoring_50,cox_causal_features,0.2336599903565224,0.7223156174165338,0.7152873412381519,131.90115776686832,0.9468128078069279,12,1001
target_censoring_50,cox_context_only,0.2729260730982076,0.25,0.25,103.96079736472814,0.9079622132253711,12,1001
target_censoring_50,landmark_km_baseline,0.26106422392731105,0.5,0.5,104.34528522454238,1.0,12,1001
target_censoring_50,random_survival_forest,0.24209683873751522,0.7049920751211829,0.6953804294287663,125.25739167503224,0.9163084439756121,12,1001
target_censoring_75,cox_causal_features,0.26145274646155364,0.7143636898922748,0.7132316158922698,59.49394378092244,0.7748955722639933,14,1001
target_censoring_75,cox_context_only,0.2878537403783339,0.21428571428571427,0.21428571428571427,74.01309636663575,0.8445888772005925,14,1001
target_censoring_75,landmark_km_baseline,0.2681630573679654,0.5,0.5,68.9127763065773,1.0,14,1001
target_censoring_75,random_survival_forest,0.23572743943862598,0.7189951797657229,0.7198435621505219,47.26007237243726,0.5604361701803893,14,1001
