fold,scenario,detector_policy,model,condition_id,bearing_id,landmark_id,evaluation_time,survival_probability,failure_probability,configuration_hash,detector_family
1,full_event,primary_phase7_frozen,random_survival_forest,1,Bearing1_1,1:test:Bearing1_1:13,21.3,0.7730440738979277,0.22695592610207227,602ab40144af0d238278f8388d026bb4dcae08c4d0913a07b6875826831a30f0,rms
1,full_event,primary_phase7_frozen,random_survival_forest,1,Bearing1_1,1:test:Bearing1_1:13,37.5,0.3145817171156034,0.6854182828843967,602ab40144af0d238278f8388d026bb4dcae08c4d0913a07b6875826831a30f0,rms
1,full_event,primary_phase7_frozen,random_survival_forest,1,Bearing1_1,1:test:Bearing1_1:13,53.7,0.30177791483292515,0.6982220851670748,602ab40144af0d238278f8388d026bb4dcae08c4d0913a07b6875826831a30f0,rms
1,full_event,primary_phase7_frozen,random_survival_forest,1,Bearing1_1,1:test:Bearing1_1:13,69.89999999999999,0.2833044525799578,0.7166955474200423,602ab40144af0d238278f8388d026bb4dcae08c4d0913a07b6875826831a30f0,rms
1,full_event,primary_phase7_frozen,random_survival_forest,1,Bearing1_1,1:test:Bearing1_1:13,86.1,0.24238938734430826,0.7576106126556917,602ab40144af0d238278f8388d026bb4dcae08c4d0913a07b6875826831a30f0,rms
1,full_event,primary_phase7_frozen,random_survival_forest,1,Bearing1_1,1:test:Bearing1_1:13,102.3,0.17568270584883525,0.8243172941511647,602ab40144af0d238278f8388d026bb4dcae08c4d0913a07b6875826831a30f0,rms
1,full_event,primary_phase7_frozen,random_survival_forest,1,Bearing1_1,1:test:Bearing1_1:13,118.49999999999999,0.10875900299046597,0.8912409970095341,602ab40144af0d238278f8388d026bb4dcae08c4d0913a07b6875826831a30f0,rms
1,full_event,primary_phase7_frozen,random_survival_forest,1,Bearing1_1,1:test:Bearing1_1:13,134.7,0.05094954966637421,0.9490504503336258,602ab40144af0d238278f8388d026bb4dcae08c4d0913a07b6875826831a30f0,rms
1,full_event,primary_phase7_frozen,random_survival_forest,1,Bearing1_1,1:test:Bearing1_1:13,150.9,0.03101081145303576,0.9689891885469643,602ab40144af0d238278f8388d026bb4dcae08c4d0913a07b6875826831a30f0,rms
1,full_event,primary_phase7_frozen,random_survival_forest,1,Bearing1_1,1:test:Bearing1_1:13,167.1,0.028553004919863414,0.9714469950801365,602ab40144af0d238278f8388d026bb4dcae08c4d0913a07b6875826831a30f0,rms
1,full_event,primary_phase7_frozen,random_survival_forest,1,Bearing1_1,1:test:Bearing1_1:13,183.3,0.026186871062336782,0.9738131289376633,602ab40144af0d238278f8388d026bb4dcae08c4d0913a07b6875826831a30f0,rms
1,full_event,primary_phase7_frozen,random_survival_forest,1,Bearing1_1,1:test:Bearing1_1:13,199.5,0.0227842793669487,0.9772157206330513,602ab40144af0d238278f8388d026bb4dcae08c4d0913a07b6875826831a30f0,rms
1,full_event,primary_phase7_frozen,random_survival_forest,1,Bearing1_1,1:test:Bearing1_1:13,215.7,0.02138065693303126,0.9786193430669687,602ab40144af0d238278f8388d026bb4dcae08c4d0913a07b6875826831a30f0,rms
1,full_event,primary_phase7_frozen,random_survival_forest,1,Bearing1_1,1:test:Bearing1_1:13,231.9,0.019597500865969907,0.9804024991340301,602ab40144af0d238278f8388d026bb4dcae08c4d0913a07b6875826831a30f0,rms
1,full_event,primary_phase7_frozen,random_survival_forest,1,Bearing1_1,1:test:Bearing1_1:13,248.1,0.01656018432091648,0.9834398156790836,602ab40144af0d238278f8388d026bb4dcae08c4d0913a07b6875826831a30f0,rms
1,full_event,primary_phase7_frozen,random_survival_forest,1,Bearing1_1,1:test:Bearing1_1:13,264.3,0.014048593854337514,0.9859514061456625,602ab40144af0d238278f8388d026bb4dcae08c4d0913a07b6875826831a30f0,rms
1,full_event,primary_phase7_frozen,random_survival_forest,1,Bearing1_1,1:test:Bearing1_1:13,280.5,0.013042668894342293,0.9869573311056578,602ab40144af0d238278f8388d026bb4dcae08c4d0913a07b6875826831a30f0,rms
1,full_event,primary_phase7_frozen,random_survival_forest,1,Bearing1_1,1:test:Bearing1_1:13,296.7,0.01046386344053684,0.9895361365594632,602ab40144af0d238278f8388d026bb4dcae08c4d0913a07b6875826831a30f0,rms
1,full_event,primary_phase7_frozen,random_survival_forest,1,Bearing1_1,1:test:Bearing1_1:13,312.9,0.00806498482396081,0.9919350151760392,602ab40144af0d238278f8388d026bb4dcae08c4d0913a07b6875826831a30f0,rms
1,full_event,primary_phase7_frozen,random_survival_forest,1,Bearing1_1,1:test:Bearing1_1:13,329.1,0.006366759127256094,0.993633240872744,602ab40144af0d238278f8388d026bb4dcae08c4d0913a07b6875826831a30f0,rms
1,full_event,primary_phase7_frozen,random_survival_forest,1,Bearing1_1,1:test:Bearing1_1:13,345.3,0.004601783251415184,0.9953982167485849,602ab40144af0d238278f8388d026bb4dcae08c4d0913a07b6875826831a30f0,rms
1,full_event,primary_phase7_frozen,random_survival_forest,1,Bearing1_1,1:test:Bearing1_1:13,361.5,0.004294203253971432,0.9957057967460285,602ab40144af0d238278f8388d026bb4dcae08c4d0913a07b6875826831a30f0,rms
1,full_event,primary_phase7_frozen,random_survival_forest,1,Bearing1_1,1:test:Bearing1_1:13,377.7,0.004117101194171957,0.995882898805828,602ab40144af0d238278f8388d026bb4dcae08c4d0913a07b6875826831a30f0,rms
1,full_event,primary_phase7_frozen,random_survival_forest,1,Bearing1_1,1:test:Bearing1_1:13,393.9,0.0038129666140472775,0.9961870333859527,602ab40144af0d238278f8388d026bb4dcae08c4d0913a07b6875826831a30f0,rms
1,full_event,primary_phase7_frozen,random_survival_forest,1,Bearing1_1,1:test:Bearing1_1:13,410.09999999999997,0.0032052819400499232,0.9967947180599501,602ab40144af0d238278f8388d026bb4dcae08c4d0913a07b6875826831a30f0,rms
1,full_event,primary_phase7_frozen,random_survival_forest,2,Bearing2_1,1:test:Bearing2_1:456,21.3,0.7024930239246454,0.2975069760753546,602ab40144af0d238278f8388d026bb4dcae08c4d0913a07b6875826831a30f0,rms
1,full_event,primary_phase7_frozen,random_survival_forest,2,Bearing2_1,1:test:Bearing2_1:456,37.5,0.3157571892377783,0.6842428107622217,602ab40144af0d238278f8388d026bb4dcae08c4d0913a07b6875826831a30f0,rms
1,full_event,primary_phase7_frozen,random_survival_forest,2,Bearing2_1,1:test:Bearing2_1:456,53.7,0.2901959599250327,0.7098040400749672,602ab40144af0d238278f8388d026bb4dcae08c4d0913a07b6875826831a30f0,rms
1,full_event,primary_phase7_frozen,random_survival_forest,2,Bearing2_1,1:test:Bearing2_1:456,69.89999999999999,0.26328222620321307,0.7367177737967869,602ab40144af0d238278f8388d026bb4dcae08c4d0913a07b6875826831a30f0,rms
1,full_event,primary_phase7_frozen,random_survival_forest,2,Bearing2_1,1:test:Bearing2_1:456,86.1,0.21121392010246315,0.7887860798975368,602ab40144af0d238278f8388d026bb4dcae08c4d0913a07b6875826831a30f0,rms
1,full_event,primary_phase7_frozen,random_survival_forest,2,Bearing2_1,1:test:Bearing2_1:456,102.3,0.17079127751996526,0.8292087224800347,602ab40144af0d238278f8388d026bb4dcae08c4d0913a07b6875826831a30f0,rms
1,full_event,primary_phase7_frozen,random_survival_forest,2,Bearing2_1,1:test:Bearing2_1:456,118.49999999999999,0.14784055013124162,0.8521594498687584,602ab40144af0d238278f8388d026bb4dcae08c4d0913a07b6875826831a30f0,rms
1,full_event,primary_phase7_frozen,random_survival_forest,2,Bearing2_1,1:test:Bearing2_1:456,134.7,0.1281026659242636,0.8718973340757364,602ab40144af0d238278f8388d026bb4dcae08c4d0913a07b6875826831a30f0,rms
1,full_event,primary_phase7_frozen,random_survival_forest,2,Bearing2_1,1:test:Bearing2_1:456,150.9,0.11375090175020185,0.8862490982497981,602ab40144af0d238278f8388d026bb4dcae08c4d0913a07b6875826831a30f0,rms
1,full_event,primary_phase7_frozen,random_survival_forest,2,Bearing2_1,1:test:Bearing2_1:456,167.1,0.092387038662013,0.907612961337987,602ab40144af0d238278f8388d026bb4dcae08c4d0913a07b6875826831a30f0,rms
1,full_event,primary_phase7_frozen,random_survival_forest,2,Bearing2_1,1:test:Bearing2_1:456,183.3,0.08097171174752837,0.9190282882524716,602ab40144af0d238278f8388d026bb4dcae08c4d0913a07b6875826831a30f0,rms
1,full_event,primary_phase7_frozen,random_survival_forest,2,Bearing2_1,1:test:Bearing2_1:456,199.5,0.07145794248570077,0.9285420575142992,602ab40144af0d238278f8388d026bb4dcae08c4d0913a07b6875826831a30f0,rms
1,full_event,primary_phase7_frozen,random_survival_forest,2,Bearing2_1,1:test:Bearing2_1:456,215.7,0.059527157278927725,0.9404728427210722,602ab40144af0d238278f8388d026bb4dcae08c4d0913a07b6875826831a30f0,rms
1,full_event,primary_phase7_frozen,random_survival_forest,2,Bearing2_1,1:test:Bearing2_1:456,231.9,0.05257481971999942,0.9474251802800006,602ab40144af0d238278f8388d026bb4dcae08c4d0913a07b6875826831a30f0,rms
1,full_event,primary_phase7_frozen,random_survival_forest,2,Bearing2_1,1:test:Bearing2_1:456,248.1,0.047895093501823756,0.9521049064981763,602ab40144af0d238278f8388d026bb4dcae08c4d0913a07b6875826831a30f0,rms
1,full_event,primary_phase7_frozen,random_survival_forest,2,Bearing2_1,1:test:Bearing2_1:456,264.3,0.04365176114419242,0.9563482388558076,602ab40144af0d238278f8388d026bb4dcae08c4d0913a07b6875826831a30f0,rms
1,full_event,primary_phase7_frozen,random_survival_forest,2,Bearing2_1,1:test:Bearing2_1:456,280.5,0.037372329146660783,0.9626276708533392,602ab40144af0d238278f8388d026bb4dcae08c4d0913a07b6875826831a30f0,rms
1,full_event,primary_phase7_frozen,random_survival_forest,2,Bearing2_1,1:test:Bearing2_1:456,296.7,0.03166915532434824,0.9683308446756518,602ab40144af0d238278f8388d026bb4dcae08c4d0913a07b6875826831a30f0,rms
1,full_event,primary_phase7_frozen,random_survival_forest,2,Bearing2_1,1:test:Bearing2_1:456,312.9,0.028296353678894118,0.9717036463211058,602ab40144af0d238278f8388d026bb4dcae08c4d0913a07b6875826831a30f0,rms
1,full_event,primary_phase7_frozen,random_survival_forest,2,Bearing2_1,1:test:Bearing2_1:456,329.1,0.02249382464551072,0.9775061753544892,602ab40144af0d238278f8388d026bb4dcae08c4d0913a07b6875826831a30f0,rms
1,full_event,primary_phase7_frozen,random_survival_forest,2,Bearing2_1,1:test:Bearing2_1:456,345.3,0.018683971977069433,0.9813160280229306,602ab40144af0d238278f8388d026bb4dcae08c4d0913a07b6875826831a30f0,rms
1,full_event,primary_phase7_frozen,random_survival_forest,2,Bearing2_1,1:test:Bearing2_1:456,361.5,0.011722523564028945,0.9882774764359711,602ab40144af0d238278f8388d026bb4dcae08c4d0913a07b6875826831a30f0,rms
1,full_event,primary_phase7_frozen,random_survival_forest,2,Bearing2_1,1:test:Bearing2_1:456,377.7,0.008551987680022959,0.991448012319977,602ab40144af0d238278f8388d026bb4dcae08c4d0913a07b6875826831a30f0,rms
1,full_event,primary_phase7_frozen,random_survival_forest,2,Bearing2_1,1:test:Bearing2_1:456,393.9,0.003899470815044794,0.9961005291849552,602ab40144af0d238278f8388d026bb4dcae08c4d0913a07b6875826831a30f0,rms
1,full_event,primary_phase7_frozen,random_survival_forest,2,Bearing2_1,1:test:Bearing2_1:456,410.09999999999997,0.0006132930689382303,0.9993867069310618,602ab40144af0d238278f8388d026bb4dcae08c4d0913a07b6875826831a30f0,rms
1,full_event,primary_phase7_frozen,random_survival_forest,3,Bearing3_1,1:test:Bearing3_1:2344,21.3,0.8913677185910128,0.10863228140898717,602ab40144af0d238278f8388d026bb4dcae08c4d0913a07b6875826831a30f0,rms
1,full_event,primary_phase7_frozen,random_survival_forest,3,Bearing3_1,1:test:Bearing3_1:2344,37.5,0.5970717437371185,0.40292825626288153,602ab40144af0d238278f8388d026bb4dcae08c4d0913a07b6875826831a30f0,rms
1,full_event,primary_phase7_frozen,random_survival_forest,3,Bearing3_1,1:test:Bearing3_1:2344,53.7,0.590872934619108,0.40912706538089205,602ab40144af0d238278f8388d026bb4dcae08c4d0913a07b6875826831a30f0,rms
1,full_event,primary_phase7_frozen,random_survival_forest,3,Bearing3_1,1:test:Bearing3_1:2344,69.89999999999999,0.5777300094413421,0.4222699905586579,602ab40144af0d238278f8388d026bb4dcae08c4d0913a07b6875826831a30f0,rms
1,full_event,primary_phase7_frozen,random_survival_forest,3,Bearing3_1,1:test:Bearing3_1:2344,86.1,0.48882983020851684,0.5111701697914832,602ab40144af0d238278f8388d026bb4dcae08c4d0913a07b6875826831a30f0,rms
1,full_event,primary_phase7_frozen,random_survival_forest,3,Bearing3_1,1:test:Bearing3_1:2344,102.3,0.3770828831818398,0.6229171168181602,602ab40144af0d238278f8388d026bb4dcae08c4d0913a07b6875826831a30f0,rms
1,full_event,primary_phase7_frozen,random_survival_forest,3,Bearing3_1,1:test:Bearing3_1:2344,118.49999999999999,0.2787168358879471,0.721283164112053,602ab40144af0d238278f8388d026bb4dcae08c4d0913a07b6875826831a30f0,rms
1,full_event,primary_phase7_frozen,random_survival_forest,3,Bearing3_1,1:test:Bearing3_1:2344,134.7,0.1841448466610271,0.8158551533389728,602ab40144af0d238278f8388d026bb4dcae08c4d0913a07b6875826831a30f0,rms
1,full_event,primary_phase7_frozen,random_survival_forest,3,Bearing3_1,1:test:Bearing3_1:2344,150.9,0.14482435657036322,0.8551756434296368,602ab40144af0d238278f8388d026bb4dcae08c4d0913a07b6875826831a30f0,rms
1,full_event,primary_phase7_frozen,random_survival_forest,3,Bearing3_1,1:test:Bearing3_1:2344,167.1,0.14127794285758932,0.8587220571424107,602ab40144af0d238278f8388d026bb4dcae08c4d0913a07b6875826831a30f0,rms
1,full_event,primary_phase7_frozen,random_survival_forest,3,Bearing3_1,1:test:Bearing3_1:2344,183.3,0.13575590929137507,0.864244090708625,602ab40144af0d238278f8388d026bb4dcae08c4d0913a07b6875826831a30f0,rms
1,full_event,primary_phase7_frozen,random_survival_forest,3,Bearing3_1,1:test:Bearing3_1:2344,199.5,0.13111684514005487,0.8688831548599452,602ab40144af0d238278f8388d026bb4dcae08c4d0913a07b6875826831a30f0,rms
1,full_event,primary_phase7_frozen,random_survival_forest,3,Bearing3_1,1:test:Bearing3_1:2344,215.7,0.12565740105450085,0.8743425989454991,602ab40144af0d238278f8388d026bb4dcae08c4d0913a07b6875826831a30f0,rms
1,full_event,primary_phase7_frozen,random_survival_forest,3,Bearing3_1,1:test:Bearing3_1:2344,231.9,0.1173280547462209,0.8826719452537791,602ab40144af0d238278f8388d026bb4dcae08c4d0913a07b6875826831a30f0,rms
1,full_event,primary_phase7_frozen,random_survival_forest,3,Bearing3_1,1:test:Bearing3_1:2344,248.1,0.10628388063647794,0.893716119363522,602ab40144af0d238278f8388d026bb4dcae08c4d0913a07b6875826831a30f0,rms
1,full_event,primary_phase7_frozen,random_survival_forest,3,Bearing3_1,1:test:Bearing3_1:2344,264.3,0.09697107868011999,0.90302892131988,602ab40144af0d238278f8388d026bb4dcae08c4d0913a07b6875826831a30f0,rms
1,full_event,primary_phase7_frozen,random_survival_forest,3,Bearing3_1,1:test:Bearing3_1:2344,280.5,0.08524266480213816,0.9147573351978618,602ab40144af0d238278f8388d026bb4dcae08c4d0913a07b6875826831a30f0,rms
1,full_event,primary_phase7_frozen,random_survival_forest,3,Bearing3_1,1:test:Bearing3_1:2344,296.7,0.07262433207932222,0.9273756679206778,602ab40144af0d238278f8388d026bb4dcae08c4d0913a07b6875826831a30f0,rms
1,full_event,primary_phase7_frozen,random_survival_forest,3,Bearing3_1,1:test:Bearing3_1:2344,312.9,0.06413366355360067,0.9358663364463993,602ab40144af0d238278f8388d026bb4dcae08c4d0913a07b6875826831a30f0,rms
1,full_event,primary_phase7_frozen,random_survival_forest,3,Bearing3_1,1:test:Bearing3_1:2344,329.1,0.0538860894554554,0.9461139105445446,602ab40144af0d238278f8388d026bb4dcae08c4d0913a07b6875826831a30f0,rms
1,full_event,primary_phase7_frozen,random_survival_forest,3,Bearing3_1,1:test:Bearing3_1:2344,345.3,0.04542700811229988,0.9545729918877002,602ab40144af0d238278f8388d026bb4dcae08c4d0913a07b6875826831a30f0,rms
1,full_event,primary_phase7_frozen,random_survival_forest,3,Bearing3_1,1:test:Bearing3_1:2344,361.5,0.03445617217608096,0.965543827823919,602ab40144af0d238278f8388d026bb4dcae08c4d0913a07b6875826831a30f0,rms
1,full_event,primary_phase7_frozen,random_survival_forest,3,Bearing3_1,1:test:Bearing3_1:2344,377.7,0.028071709602819274,0.9719282903971808,602ab40144af0d238278f8388d026bb4dcae08c4d0913a07b6875826831a30f0,rms
1,full_event,primary_phase7_frozen,random_survival_forest,3,Bearing3_1,1:test:Bearing3_1:2344,393.9,0.01629427669055769,0.9837057233094423,602ab40144af0d238278f8388d026bb4dcae08c4d0913a07b6875826831a30f0,rms
1,full_event,primary_phase7_frozen,random_survival_forest,3,Bearing3_1,1:test:Bearing3_1:2344,410.09999999999997,0.011213090056860666,0.9887869099431393,602ab40144af0d238278f8388d026bb4dcae08c4d0913a07b6875826831a30f0,rms
